OTU;A1-T0;A1-T14;A1-T28;A2-T0;A2-T14;A2-T28;A3-T0;A3-T14;A3-T28;A4-T0;A4-T14;A4-T28;A5-T0;A5-T14;A5-T28;C1-T28;C3-T28;C5-T28;CRCjanv2009;CRCjanv2010;CRCjuin2010;CRCmars2010;P1D1;P1D2;P1D3;P1N2;P1N4;P1N5;P1P1;P1P4;P3D1;P3D2;P3D3;P3N2;P3N4;P3N5;P3P1;P3P4;P5D1;P5D2;P5D3;P5N2;P5N4;P5N5;P5P1;P5P4;Sainjanv2009;Sainjuin2010;Sainmars2010
OTU_0;0;0;0;0;0;0;0;0;0;0;0;0;0;0;0;17;35;18;0;0;0;0;4;0;0;5;3;9;0;0;0;0;0;8;4;21;0;0;0;0;0;2;5;4;0;0;0;0;0
OTU_1;0;0;0;0;0;0;0;0;0;0;0;0;0;0;0;0;0;0;0;0;175;0;69;120;0;6;2;0;0;0;138;2;1;10;75;7;0;0;151;0;2;1;8;25;0;0;0;0;20
OTU_2;143;69;0;51;24;38;0;0;0;0;0;0;29;86;38;0;0;0;0;0;0;0;0;0;0;59;97;109;0;0;0;0;0;124;2;25;7;22;0;0;0;145;129;0;37;0;2;0;0
OTU_3;0;0;0;0;0;0;0;0;0;0;0;0;0;0;0;0;0;0;0;0;1;0;26;38;0;9;5;0;0;0;43;1;0;48;33;23;0;0;60;0;0;14;45;29;0;0;0;0;0
OTU_4;0;0;0;0;0;0;0;0;0;0;0;0;0;0;0;9;0;1;16;0;4;3;2;0;0;0;0;0;0;0;0;0;0;0;0;0;0;0;0;0;0;0;0;0;0;0;0;0;10
OTU_5;4;0;0;1;1;1;0;0;0;0;0;0;0;0;0;0;118;121;0;0;0;0;0;0;3;141;95;39;2;0;1;0;10;207;0;164;3;17;1;65;11;268;160;0;2;0;0;0;0
OTU_6;78;57;0;57;42;60;0;0;1;0;1;0;71;31;56;1;296;123;0;0;0;0;5;0;0;132;600;491;19;0;1;0;0;218;1;483;10;0;0;0;0;99;57;0;18;3;5;0;0
OTU_7;0;0;0;0;0;0;0;0;0;0;0;0;0;0;0;0;0;0;0;0;0;0;0;0;0;0;0;0;0;0;0;0;0;2;0;0;0;0;0;0;0;0;0;0;0;0;0;0;0
OTU_8;0;0;0;0;0;0;0;0;0;0;0;0;0;0;0;0;311;286;0;0;0;0;0;0;0;0;0;0;0;0;0;0;0;0;0;0;0;0;0;0;0;0;0;0;0;0;0;0;0
OTU_9;7;1;3;1;16;4;5;10;6;5;3;3;7;8;7;0;25;25;0;0;1;3;0;0;0;3;6;3;2;7;0;0;0;7;0;6;1;3;1;0;0;2;3;0;5;22;0;1;0
OTU_10;0;0;0;0;0;0;0;0;0;0;0;0;0;0;0;0;0;0;0;0;0;0;0;0;0;0;0;0;0;0;0;0;0;0;0;0;0;0;3;0;0;1;0;0;0;0;0;0;0
OTU_11;15;9;0;1;0;0;0;0;0;0;0;0;0;0;0;0;30;150;0;0;0;0;0;0;1;43;55;14;0;0;0;0;0;17;0;10;2;0;0;1;0;17;22;1;0;0;0;0;0
OTU_12;0;0;0;0;0;0;0;0;0;0;0;0;0;0;0;9;0;0;0;0;0;0;0;0;0;0;0;0;0;0;0;0;0;0;0;0;0;0;0;0;0;0;0;0;0;0;0;0;0
OTU_13;0;0;0;0;0;0;0;0;0;0;0;0;0;0;0;0;0;0;0;0;0;0;0;0;0;0;0;0;0;0;0;0;0;0;4;0;0;0;0;0;0;0;0;3;0;0;0;0;0
OTU_14;0;0;0;0;0;0;0;0;0;0;0;0;0;1;0;2;2;0;0;0;0;0;0;0;0;0;0;0;0;0;4;0;0;0;0;0;0;0;3;0;0;0;0;0;0;0;1;0;0
OTU_15;1;0;0;0;0;0;0;0;0;0;0;0;0;0;0;289;88;0;52;0;0;0;0;0;0;1;0;0;0;0;0;0;0;0;0;1;0;0;0;1;0;0;0;0;0;0;0;0;0
OTU_16;0;0;0;2;0;0;0;0;0;0;0;0;3;0;0;111;12;3;41;0;15;5;212;172;16;13;16;66;4;12;187;3;20;5;9;0;1;52;160;12;17;5;0;4;16;9;0;6;9
OTU_17;0;0;0;0;0;0;0;0;0;0;0;0;0;0;0;24;0;0;0;0;0;0;0;0;0;0;0;0;0;0;0;0;0;0;0;0;0;0;0;0;0;0;0;0;0;0;0;0;0
OTU_18;0;0;0;0;0;0;0;0;0;0;0;0;0;0;0;0;0;0;0;0;0;0;2;0;0;0;0;0;0;0;0;0;0;0;0;0;0;0;0;0;0;0;0;1;0;0;0;0;0
OTU_19;0;0;12;0;0;0;1;24;5;6;1;0;0;0;0;35;0;0;0;0;0;0;47;34;19;0;0;0;0;0;68;112;5;0;12;0;0;0;26;8;13;0;0;2;0;0;0;1;0
OTU_20;0;0;0;0;0;0;0;0;0;0;0;0;0;0;0;0;0;0;0;0;0;0;3;1;0;0;0;0;0;0;2;0;0;0;1;4;0;0;0;0;0;0;0;0;0;0;0;0;0
OTU_21;0;0;0;0;0;0;0;0;0;0;0;0;0;0;0;0;0;0;0;0;0;0;0;0;0;0;0;0;2;0;0;0;0;9;0;0;0;0;0;0;0;0;0;0;0;0;0;0;0
OTU_22;0;0;0;0;0;0;0;0;0;0;0;0;0;0;0;268;3;6;5;0;2;0;0;0;0;0;0;0;0;0;0;0;0;0;0;0;0;0;0;0;0;0;0;0;0;0;0;0;0
OTU_23;0;0;0;0;0;0;0;0;0;0;0;1;0;0;0;13;8;7;1;0;10;5;33;33;0;24;2;9;3;17;0;0;0;125;275;67;0;5;14;0;1;18;101;220;0;0;0;95;3
OTU_24;0;0;0;0;0;0;0;0;0;0;0;4;0;0;0;114;21;8;19;0;1;0;15;0;0;3;8;19;0;0;0;0;0;6;16;10;1;0;0;0;0;4;3;35;4;2;4;3;6
OTU_25;4;6;5;5;0;0;0;2;1;2;3;0;0;0;0;0;2;0;0;0;0;1;24;42;5;0;0;0;0;0;100;1;2;0;83;0;0;0;27;13;14;0;0;45;0;0;0;1;0
OTU_26;0;0;0;0;0;0;0;0;0;0;0;0;0;0;0;0;0;0;0;0;0;0;0;0;0;0;0;0;0;0;0;0;0;8;0;0;0;0;0;0;0;0;0;0;0;0;0;0;0
OTU_27;0;0;0;0;0;0;2;0;0;0;0;0;1;0;0;0;4;11;0;0;0;0;0;0;0;15;24;31;0;0;1;1;0;0;0;3;0;0;1;4;1;0;1;0;0;0;0;0;0
OTU_28;0;0;0;0;0;0;0;0;0;0;0;0;0;0;0;0;0;0;0;0;0;2;12;5;5;0;0;0;0;0;8;17;2;0;0;0;0;0;5;3;14;0;0;0;0;0;0;10;3
OTU_29;0;0;0;0;0;0;1;4;0;1;1;0;0;0;0;0;0;0;0;0;0;0;0;0;0;0;0;0;0;0;0;0;0;0;1;0;0;0;0;0;0;0;0;7;0;0;0;0;0
OTU_30;0;0;0;0;0;0;0;0;0;0;0;0;0;0;0;1;0;0;0;0;0;0;7;4;0;1;0;0;2;1;17;0;0;0;3;1;0;0;4;0;0;0;3;4;0;0;0;8;0
OTU_31;4;7;0;0;0;0;0;1;1;0;0;0;6;17;14;0;36;122;0;0;0;0;2;0;0;82;120;118;24;1;0;0;0;28;2;71;22;1;0;0;0;35;40;0;13;0;0;0;1
OTU_32;0;0;0;0;0;0;0;0;0;0;0;0;0;0;0;0;0;0;0;0;0;0;0;0;0;0;0;0;0;0;0;0;0;11;0;0;0;0;0;0;0;0;0;0;0;0;0;0;0
OTU_33;0;0;0;0;0;0;0;0;0;0;0;0;0;0;0;0;1;3;0;0;0;0;0;0;0;0;1;0;0;0;0;0;0;0;0;1;0;0;0;0;0;16;3;0;0;0;0;0;0
OTU_34;0;0;0;0;0;0;0;0;0;0;0;0;0;0;0;0;0;0;0;0;0;0;12;20;0;0;0;0;0;0;21;0;0;0;0;0;0;0;24;0;0;0;1;0;0;0;0;0;0
OTU_35;0;0;0;0;0;0;0;0;0;0;0;0;0;0;0;41;9;2;103;0;0;0;0;0;0;0;0;0;0;0;0;0;0;0;0;0;0;0;0;0;0;0;0;0;0;0;0;0;0
OTU_36;0;0;0;0;0;0;0;0;0;0;0;0;0;0;0;50;1;1;0;0;0;0;8;0;0;0;1;0;0;0;0;0;0;0;0;0;0;0;2;0;0;0;0;9;0;0;0;0;0
OTU_37;0;0;0;0;0;0;0;1;0;0;1;7;0;0;0;0;0;0;0;0;0;0;3;3;0;3;2;13;0;1;3;0;0;6;4;1;2;7;2;0;0;0;14;4;1;1;0;0;1
OTU_38;1;3;3;5;1;0;2;1;0;6;1;1;0;1;0;14;21;10;2;0;0;1;42;61;27;19;4;13;0;0;5;8;8;4;100;13;0;0;46;0;6;1;6;44;0;0;0;17;0
OTU_39;0;0;0;0;0;0;0;0;0;0;0;0;0;0;0;0;0;0;0;0;0;0;0;0;197;162;47;0;0;0;0;0;185;180;5;72;0;0;0;144;220;345;152;0;0;0;0;0;0
OTU_40;0;0;0;0;0;0;0;0;0;0;0;0;0;0;0;0;0;0;0;0;49;0;4;16;0;39;4;0;0;0;29;0;1;30;77;50;0;0;33;0;3;3;29;131;0;0;0;0;1
OTU_41;0;0;0;0;0;0;0;0;1;3;0;0;0;0;0;0;0;0;0;0;5;0;18;51;21;0;0;0;0;0;91;178;30;1;115;1;0;0;44;30;75;0;0;49;0;0;0;0;1
OTU_42;25;75;0;15;1;2;0;1;1;1;1;0;1;86;98;0;0;0;0;0;0;0;0;0;0;15;4;1;32;1;0;0;0;86;0;24;256;51;0;0;0;145;42;5;144;1;0;10;0
OTU_43;1;1;20;1;2;0;9;4;7;24;14;0;0;0;0;5;0;0;0;0;0;0;11;25;5;1;0;0;0;0;1;101;5;0;28;0;0;0;12;0;4;0;0;12;0;0;0;6;0
OTU_44;0;0;0;0;0;0;0;0;0;0;0;0;1;0;0;0;4;7;3;0;0;0;0;0;0;0;0;0;0;0;0;0;0;0;0;0;0;0;0;0;0;0;0;0;0;0;0;0;0
OTU_45;0;0;0;0;0;0;0;1;0;0;0;141;3;3;2;6;31;7;0;0;8;3;11;5;0;4;13;4;11;150;4;0;0;7;151;4;6;16;1;0;0;5;20;99;21;11;1;1;0
OTU_46;0;0;0;0;0;0;0;0;0;0;0;0;0;0;0;0;0;0;0;0;147;0;39;86;4;19;5;0;0;0;54;1;4;34;42;25;0;0;81;4;11;14;27;48;0;0;0;0;36
OTU_47;0;0;2;1;0;0;1;1;0;1;1;0;0;0;0;0;0;0;0;0;0;0;102;0;0;1;1;0;0;0;0;1;0;2;68;2;0;0;0;0;0;3;1;117;0;0;0;1;0
OTU_48;0;0;0;0;0;0;0;0;0;0;0;0;0;0;1;0;13;5;0;0;0;0;0;0;1;16;11;4;2;0;0;0;0;8;3;19;8;2;0;1;1;13;14;3;6;0;0;0;0
OTU_49;0;0;0;0;0;0;0;0;0;0;0;0;0;0;0;0;0;0;0;0;0;0;0;0;0;0;0;0;0;0;0;0;0;3;0;0;0;0;0;0;0;0;0;0;0;0;0;0;0
OTU_50;0;0;0;0;0;0;0;0;0;0;0;0;0;0;0;78;4;1;0;0;0;0;0;0;0;1;0;0;0;0;0;0;0;0;1;0;0;0;1;0;0;0;0;2;0;0;0;1;0
OTU_51;0;0;0;0;0;0;0;0;0;0;0;0;0;0;0;0;0;0;0;0;0;0;0;0;0;101;214;0;0;0;0;0;0;0;0;0;0;0;0;0;0;0;0;0;0;0;0;0;0
OTU_52;0;0;0;0;1;0;0;0;0;0;0;0;0;0;0;0;151;18;0;0;0;0;1;0;0;147;300;102;0;0;0;0;0;20;0;13;0;2;1;1;1;50;16;0;0;0;0;0;0
OTU_53;0;0;0;0;0;0;0;0;0;0;0;0;0;0;0;0;0;0;0;0;0;0;0;0;0;10;4;12;0;0;0;0;0;28;29;9;0;0;0;0;0;4;36;8;0;0;0;0;0
OTU_54;0;0;0;0;0;0;0;0;0;0;0;0;0;0;0;0;0;0;0;0;2;0;0;0;0;5;6;4;0;0;0;0;0;2;10;0;0;0;0;0;0;4;2;4;0;0;0;0;0
OTU_55;0;0;0;0;0;0;0;0;0;0;0;0;0;0;0;0;0;0;0;0;7;0;5;3;0;30;1;0;0;0;6;0;0;84;123;14;0;0;4;0;0;27;93;63;0;0;0;0;0
OTU_56;0;0;0;0;0;1;0;0;0;0;0;0;0;0;0;0;3;0;2;0;0;0;0;0;0;0;0;0;0;0;0;0;0;0;0;0;0;0;0;0;0;0;0;2;0;0;6;0;1
OTU_57;0;0;0;0;0;0;0;0;0;0;0;0;0;0;0;0;0;0;0;0;0;0;0;0;0;0;0;0;0;0;0;0;0;6;0;0;0;0;0;0;0;3;0;0;0;0;0;0;0
OTU_58;0;0;0;0;0;0;0;0;0;0;0;0;0;1;0;9;97;145;1;0;0;3;1;0;1;5;5;4;13;0;0;0;0;5;0;4;23;11;0;0;0;7;5;0;14;0;2;0;1
OTU_59;0;0;172;0;0;0;199;200;151;124;228;347;8;7;11;2;28;20;37;0;27;128;416;401;0;35;7;36;47;456;470;79;0;98;240;54;0;1;324;0;1;0;6;325;3;1;0;29;4
OTU_60;29;5;4;2;0;0;9;8;5;9;9;8;3;5;6;28;15;25;5;0;0;4;5;0;4;42;27;35;0;2;11;0;4;6;3;7;7;9;1;6;5;4;8;7;7;1;0;2;1
OTU_61;0;0;0;0;0;0;0;0;0;0;0;0;0;0;0;169;0;0;179;0;0;4;0;0;0;0;0;0;0;2;0;0;0;0;0;0;0;0;0;0;0;0;0;0;0;0;0;4;4
OTU_62;0;0;6;0;0;0;4;5;4;3;4;0;0;0;0;3;0;0;0;0;0;0;12;26;0;0;0;0;0;0;7;21;0;0;2;0;0;0;13;0;0;0;0;1;0;0;0;0;0
OTU_63;0;0;0;0;0;0;0;0;0;0;0;0;0;0;0;0;1;1;0;0;0;0;0;0;0;6;3;1;0;0;1;0;0;0;0;0;0;0;0;0;0;1;1;0;0;0;0;0;0
OTU_64;0;0;0;0;0;0;0;0;0;0;0;0;0;0;0;0;0;0;0;0;0;0;0;0;0;5;1;3;0;0;0;0;0;0;0;1;0;0;0;0;0;0;0;0;0;0;0;0;0
OTU_65;0;0;0;0;0;0;0;0;0;0;0;0;0;0;0;0;0;0;0;0;0;0;0;0;0;0;0;0;0;0;0;0;0;13;0;0;0;0;0;0;0;0;0;0;0;0;0;0;0
OTU_66;0;0;0;0;0;0;0;0;0;0;0;0;0;0;0;94;0;0;3;0;0;0;0;0;0;0;0;0;0;0;0;0;0;0;0;0;0;0;0;0;0;0;0;0;0;0;0;0;0
OTU_67;0;0;0;0;0;0;0;0;0;0;0;0;0;0;0;13;0;0;0;0;0;0;0;0;0;1;0;3;0;0;2;0;0;0;6;0;0;0;0;0;0;1;0;3;0;0;0;0;0
OTU_68;0;0;0;0;0;0;0;0;0;0;0;0;0;0;0;0;0;0;0;0;0;0;0;0;0;0;0;0;0;0;0;0;0;45;0;0;0;0;0;0;0;0;0;0;0;0;0;0;0
OTU_69;0;0;0;0;0;0;0;0;0;0;0;0;0;0;0;2;0;0;0;0;0;0;0;0;0;0;0;0;0;0;0;0;0;0;0;0;0;0;0;0;0;0;0;2;0;0;0;0;0
OTU_70;0;0;0;0;0;0;0;0;0;0;0;0;0;0;0;0;0;0;0;0;188;0;99;119;0;12;1;0;0;0;126;2;0;55;115;21;0;0;201;1;0;19;66;65;0;0;0;0;160
OTU_71;0;4;0;4;0;0;0;0;0;0;0;0;0;19;7;0;0;0;0;0;0;0;0;0;31;62;84;21;25;0;0;0;24;61;0;2;6;4;0;15;43;71;2;0;12;0;0;0;0
OTU_72;0;0;0;0;0;0;0;0;0;0;0;0;0;0;0;0;0;0;0;0;0;0;0;0;0;4;1;6;2;0;1;0;0;7;0;6;4;5;0;0;0;15;10;0;3;4;0;0;0
OTU_73;0;0;0;0;0;0;0;0;0;0;0;0;0;0;0;0;0;0;10;0;2;0;0;0;0;21;22;0;0;0;0;0;0;0;0;0;0;0;0;0;0;0;0;0;0;0;0;0;2
OTU_74;0;0;0;0;0;0;0;0;0;0;0;34;0;0;0;0;0;0;0;0;4;0;106;60;0;0;9;1;1;28;55;0;1;2;26;13;0;4;110;0;0;4;2;58;2;0;0;3;0
OTU_75;0;0;0;0;0;0;0;0;0;0;0;0;0;0;0;2;6;4;5;0;1;3;0;0;0;8;13;26;20;32;0;0;0;8;0;9;14;26;1;0;0;18;19;0;53;72;14;6;2
OTU_76;0;0;0;0;0;0;0;0;0;0;0;0;0;0;0;0;0;0;0;0;0;0;0;0;0;0;6;1;0;0;0;0;0;0;0;0;0;0;0;0;0;5;1;0;0;0;0;0;0
OTU_77;5;19;1;0;25;9;0;1;2;0;1;0;0;0;0;0;0;0;0;0;0;0;0;0;0;8;20;103;0;0;0;0;0;12;0;6;0;0;0;0;0;0;2;0;0;0;0;0;0
OTU_78;0;0;1;1;0;0;0;1;0;0;0;14;0;0;1;3;3;0;0;0;3;12;148;168;6;5;1;1;2;3;162;3;17;0;5;1;1;0;265;14;10;2;3;18;2;5;0;1;7
OTU_79;0;0;0;0;0;0;0;0;0;0;0;0;0;0;0;0;0;0;0;0;0;0;0;0;0;0;0;0;0;0;0;0;0;11;0;0;0;0;0;0;0;0;0;0;0;0;0;0;0
OTU_80;0;0;0;0;0;0;0;0;0;0;0;0;0;0;0;0;0;0;0;0;0;0;0;0;0;0;0;0;0;0;0;0;0;15;0;0;0;0;0;0;0;0;0;0;0;0;0;0;0
OTU_81;14;6;0;4;0;0;0;0;0;0;0;0;2;17;8;0;9;20;0;0;0;0;0;0;4;8;14;2;6;0;0;0;12;3;0;4;11;10;0;11;8;3;5;0;8;0;0;0;0
OTU_82;0;0;1;4;0;0;0;2;0;1;0;0;1;0;0;37;25;4;9;0;1;0;120;114;17;24;24;43;0;3;122;20;21;3;12;2;1;71;154;10;58;4;0;5;14;2;0;1;4
OTU_83;0;0;0;0;0;0;0;0;0;0;0;0;0;0;0;0;0;21;0;0;0;2;0;0;0;0;0;0;0;0;0;0;0;0;0;0;0;0;0;0;0;0;0;0;0;0;0;0;9
OTU_84;0;0;0;3;0;0;0;3;0;2;0;0;0;0;0;63;1;0;0;0;0;0;0;0;0;0;0;0;0;0;1;0;0;0;25;0;0;0;0;0;0;0;0;26;0;0;0;0;0
OTU_85;0;0;0;0;0;0;0;0;0;0;0;0;0;0;0;0;0;0;0;0;0;0;0;0;0;0;0;0;0;0;6;0;0;0;1;0;0;0;8;0;0;0;0;0;0;0;0;6;0
OTU_86;0;0;0;0;0;0;0;0;0;0;0;0;0;0;0;0;22;49;1;0;0;0;0;0;0;0;0;0;0;0;0;0;0;0;0;0;0;0;0;0;0;0;0;0;0;0;0;0;0
OTU_87;0;0;0;0;0;0;0;0;0;0;0;0;0;0;0;0;0;0;0;0;0;0;1;4;0;0;0;0;0;0;22;2;0;0;0;0;0;0;5;0;0;0;0;0;0;0;0;0;0
OTU_88;0;0;0;0;0;0;0;0;0;0;0;0;2;1;1;117;16;19;0;0;0;0;0;1;0;0;5;4;0;5;1;0;0;6;26;15;0;0;0;0;0;1;5;47;1;0;0;1;0
OTU_89;0;0;0;0;0;0;0;0;0;0;0;0;0;0;0;0;0;0;0;0;1;0;0;0;0;0;2;2;0;0;0;0;0;23;2;8;0;0;0;0;0;3;1;4;0;0;0;0;0
OTU_90;0;0;0;0;0;0;0;0;0;1;0;0;1;0;0;5;17;29;0;11;0;0;10;9;0;24;37;2;3;1;22;0;1;18;11;5;10;4;15;1;0;21;21;11;3;0;0;0;0
OTU_91;0;0;1;1;0;0;0;1;0;1;0;1;0;0;0;11;0;0;8;0;1;0;0;0;0;0;0;0;0;1;0;0;1;0;0;0;0;0;0;0;0;0;0;3;0;0;0;0;0
OTU_92;0;0;0;0;0;0;0;0;0;0;0;0;0;0;0;0;0;0;0;0;0;3;0;0;1;0;0;0;0;0;0;13;2;0;0;0;0;0;3;2;2;0;0;0;0;0;13;0;4
OTU_93;0;0;0;0;0;0;0;0;0;0;1;1;0;0;0;20;5;4;2;0;0;0;91;89;0;2;0;0;0;2;5;4;0;0;15;0;0;0;58;0;0;0;0;18;0;0;0;0;0
OTU_94;0;0;0;0;0;0;0;0;0;0;0;3;1;3;0;4;46;28;5;2;2;1;33;24;0;20;12;22;4;5;3;0;0;30;13;22;1;0;20;0;1;3;15;12;0;0;6;6;0
OTU_95;0;0;0;0;0;0;0;3;3;2;2;120;112;62;72;43;32;8;0;0;2;0;3;0;0;8;26;72;112;383;5;0;0;47;53;77;18;5;0;0;1;9;27;97;25;28;5;1;0
OTU_96;0;1;30;0;0;0;50;67;51;16;45;0;0;0;0;84;4;4;0;0;0;0;100;18;0;2;1;7;0;5;6;0;0;3;24;2;0;0;11;0;0;1;2;55;0;0;0;0;0
OTU_97;0;0;0;0;0;0;0;0;0;0;0;0;0;0;0;2;4;6;1;0;0;1;0;0;0;5;13;8;16;4;0;0;0;7;0;1;22;12;0;0;0;15;23;0;8;0;0;0;0
OTU_98;0;0;0;0;0;0;0;0;0;0;0;0;0;0;0;0;0;0;0;0;0;0;0;0;0;0;0;0;0;0;0;0;0;4;0;0;0;0;0;0;0;0;0;0;0;0;0;0;0
OTU_99;0;0;0;0;0;0;0;0;0;0;0;0;0;0;0;0;0;0;0;0;0;0;0;0;0;0;0;0;0;0;5;0;0;0;0;0;0;0;0;0;0;0;0;0;0;0;0;0;0
OTU_100;0;0;0;0;0;0;0;1;0;0;0;0;1;2;6;58;18;11;6;0;0;6;21;25;0;1;4;0;0;0;75;0;1;4;0;0;0;0;51;0;1;1;0;0;1;0;0;1;0
OTU_101;0;0;0;0;0;0;0;1;0;0;0;0;0;0;0;6;1;0;0;0;0;0;27;118;0;1;0;0;0;0;139;1;0;0;3;0;0;0;104;0;0;0;0;17;0;0;0;0;0
OTU_102;0;0;0;0;0;0;0;0;0;0;0;0;0;0;0;0;0;0;0;0;0;0;0;0;0;5;3;0;0;0;0;0;0;2;0;1;0;0;0;0;0;2;23;0;0;0;0;0;0
OTU_103;1;20;0;0;20;7;0;0;0;0;0;0;0;0;1;0;12;12;0;0;0;0;0;0;2;46;23;41;0;0;0;0;1;5;0;7;0;0;2;2;4;6;16;0;0;0;1;0;0
OTU_104;0;0;0;0;0;0;0;0;0;2;0;0;0;0;0;0;0;0;0;0;1;0;0;2;10;130;26;0;0;0;0;57;13;152;2;93;0;0;0;13;26;113;69;5;0;0;0;0;0
OTU_105;0;0;1;0;0;0;6;2;0;1;1;0;0;0;0;18;1;0;0;0;0;0;4;10;0;0;0;0;0;0;1;0;0;1;3;0;0;0;10;0;0;0;0;1;0;0;0;0;0
OTU_106;0;0;0;0;0;0;0;0;0;0;0;0;0;0;0;0;2;1;0;0;0;0;0;0;0;0;0;3;0;0;1;0;0;0;2;2;0;0;0;0;0;0;1;0;0;0;0;0;0
OTU_107;12;1;2;1;0;0;3;4;1;0;1;0;1;2;2;1;2;1;0;2;0;0;1;3;3;2;2;1;16;11;1;1;2;2;1;7;62;38;5;5;6;46;39;1;6;2;0;0;0
OTU_108;0;1;15;0;0;0;0;7;12;0;3;13;0;0;0;0;0;0;0;0;0;0;6;4;0;1;3;1;0;1;1;0;0;2;16;0;4;37;5;0;0;1;22;12;17;0;0;0;0
OTU_109;0;0;0;0;0;0;0;0;0;0;0;0;0;0;0;0;0;0;0;0;0;0;0;0;0;0;0;0;0;0;0;0;0;2;0;0;0;0;0;0;0;0;0;0;0;0;0;0;0
OTU_110;0;0;0;0;0;0;0;0;0;0;0;0;0;0;0;157;133;110;8;0;0;0;0;0;0;0;0;0;0;0;0;0;0;0;0;0;0;0;0;0;0;0;0;0;0;0;0;0;0
OTU_111;38;13;0;56;2;1;0;0;0;0;1;0;10;0;0;0;0;0;0;0;0;0;3;0;28;59;55;1;0;0;0;0;0;5;0;64;0;0;0;29;0;23;3;0;0;0;2;5;0
OTU_112;0;0;0;0;0;0;0;0;0;0;0;0;0;0;0;0;0;0;0;0;0;0;0;0;0;0;0;0;3;0;0;0;0;3;0;0;0;0;0;0;0;0;0;0;0;0;0;0;0
OTU_113;0;0;0;0;0;0;0;0;0;0;0;0;0;0;0;0;0;0;0;0;0;0;0;0;0;1;1;2;0;0;0;0;0;2;0;1;0;0;0;0;0;0;0;0;0;0;0;0;0
OTU_114;0;0;0;0;0;0;0;0;0;0;0;0;0;0;0;0;0;0;0;0;0;0;20;17;4;0;0;0;0;0;2;0;2;0;0;0;0;0;0;0;0;0;0;0;0;0;0;0;0
OTU_115;0;0;0;0;0;0;0;0;0;0;0;0;0;0;0;0;0;0;0;0;0;0;0;0;0;0;12;0;0;0;0;0;0;0;0;0;0;0;0;0;0;62;49;0;0;0;0;0;0
OTU_116;0;0;0;0;0;0;0;0;0;0;0;2;0;0;0;2;0;0;2;1;0;0;1;1;0;0;0;0;0;1;0;0;1;0;1;0;0;0;4;0;1;0;0;0;0;0;0;0;0
OTU_117;0;0;0;0;0;0;0;0;0;0;0;0;42;12;1;0;19;8;0;0;0;0;0;3;0;12;9;16;73;10;5;0;0;13;0;3;14;31;1;2;0;2;6;0;9;24;1;0;0
OTU_118;0;11;1;0;1;7;0;0;0;0;0;14;0;0;1;27;108;91;58;0;3;4;4;0;0;21;46;29;2;0;0;0;0;20;4;16;6;4;0;0;0;45;47;8;2;25;91;0;28
OTU_119;0;0;0;0;0;0;0;0;0;0;0;41;8;0;9;31;3;1;0;42;0;0;0;0;0;10;1;19;0;0;0;0;0;0;0;0;0;0;0;0;0;0;0;2;0;0;1;0;0
OTU_120;0;2;87;4;0;0;1;16;2;14;13;0;0;0;0;5;0;0;0;0;1;0;20;56;0;5;0;0;1;9;101;52;0;0;9;0;0;1;41;0;4;0;0;4;1;0;0;0;3
OTU_121;0;0;0;0;0;0;0;0;0;0;0;0;0;0;0;0;0;0;0;0;0;0;1;7;59;0;0;0;0;0;0;0;17;0;0;0;0;0;0;0;0;0;0;0;0;0;0;0;0
OTU_122;0;0;2;0;0;0;0;0;3;0;0;0;0;0;0;0;0;0;0;0;0;0;0;0;0;0;0;0;0;0;0;0;0;0;0;0;0;0;0;0;0;0;0;0;0;0;0;0;0
OTU_123;0;0;0;0;0;0;0;0;0;0;0;0;0;0;0;0;0;0;0;0;0;0;0;0;0;0;0;0;0;0;0;0;0;0;0;0;0;0;0;0;4;0;0;0;0;0;0;0;0
OTU_124;1;6;0;0;0;7;0;0;0;0;0;0;0;1;0;0;0;0;0;0;0;0;0;0;2;0;0;0;0;0;0;0;3;0;0;0;0;0;0;0;4;0;0;0;0;0;4;0;0
OTU_125;0;1;0;2;0;4;0;0;0;0;0;0;0;1;1;0;0;0;0;0;0;0;0;0;0;0;0;0;0;0;0;0;2;0;0;0;0;0;0;0;0;0;0;0;0;0;0;0;0
OTU_126;5;22;6;13;33;27;5;7;3;3;6;3;2;2;5;0;0;1;1;0;3;4;0;0;11;3;0;1;7;5;0;7;28;1;0;1;3;11;0;22;21;0;0;0;8;8;1;1;1
OTU_127;0;11;4;0;1;13;0;0;0;2;0;0;1;1;1;0;0;0;0;0;0;0;0;0;0;0;0;0;0;0;0;0;0;0;0;0;0;0;0;0;0;0;0;0;0;0;0;0;0
OTU_128;13;23;23;3;4;14;10;29;42;9;13;3;3;5;2;1;0;1;0;0;0;0;0;0;0;0;0;0;1;1;0;1;0;0;0;0;1;0;0;0;0;0;0;0;0;5;3;1;0
OTU_129;5;3;14;5;2;3;17;25;15;23;25;16;4;14;8;1;0;0;4;9;2;2;5;0;0;0;0;0;1;19;7;11;0;0;0;0;2;6;3;3;3;0;0;3;1;0;0;4;0
OTU_130;22;22;0;14;2;51;0;0;0;0;0;0;10;1;5;0;0;0;0;0;0;0;0;0;0;0;0;0;0;0;0;0;5;0;0;0;0;0;0;1;3;0;0;0;0;0;18;0;0
OTU_131;0;8;11;1;1;2;12;6;11;9;15;1;5;11;0;0;0;0;2;0;1;1;0;0;0;0;0;0;0;1;0;4;0;0;0;0;0;0;0;0;0;0;0;0;1;3;0;0;0
OTU_132;1;0;1;0;0;0;34;6;2;1;4;0;0;0;0;0;0;0;31;1;2;0;0;0;0;1;1;0;0;0;0;7;1;0;0;0;1;1;0;2;0;0;0;0;1;2;1;0;0
OTU_133;1;6;0;1;2;3;0;0;0;0;0;0;1;1;3;0;0;0;0;0;0;0;0;0;0;0;0;0;0;0;0;0;1;0;0;0;0;0;0;0;0;0;0;0;0;0;9;0;0
OTU_134;110;147;0;57;59;19;0;0;0;0;0;0;26;79;14;0;80;78;0;0;0;0;0;0;494;42;34;20;34;0;0;11;187;6;0;0;72;5;0;100;147;6;5;0;3;0;2;0;0
OTU_135;0;0;0;0;0;0;0;2;3;1;1;0;0;0;0;0;0;0;0;0;6;0;24;39;55;0;0;0;0;0;69;501;90;0;16;2;0;0;50;134;188;4;3;2;0;0;0;1;8
OTU_136;1;2;0;2;5;15;0;0;0;0;0;0;2;0;0;0;0;0;0;0;0;0;0;0;0;0;0;0;0;0;0;0;0;0;0;0;0;0;0;1;0;0;0;0;0;0;1;0;0
OTU_137;0;0;0;0;0;0;1;0;1;0;0;0;0;0;0;0;0;0;0;0;0;0;0;0;0;0;0;0;0;0;0;0;0;0;0;0;0;0;0;0;0;0;0;0;0;0;0;0;0
OTU_138;2;15;0;0;1;1;0;0;0;0;0;0;4;0;0;0;0;0;0;1;0;0;0;0;0;0;0;0;1;0;0;1;0;0;0;0;0;1;0;0;3;0;0;0;0;0;4;0;0
OTU_139;0;0;0;0;1;1;2;0;2;0;0;0;0;0;2;0;0;0;0;0;0;0;0;0;0;0;0;0;0;0;0;0;0;0;2;0;0;0;0;0;0;1;0;0;0;0;1;0;0
OTU_140;0;0;4;0;2;1;9;10;10;7;4;10;1;0;0;0;1;1;1;1;1;0;3;0;0;2;1;0;1;2;0;2;0;1;0;0;0;0;0;0;0;0;0;0;0;0;0;3;2
OTU_141;0;3;61;0;0;0;3;22;34;0;30;0;0;0;0;0;0;0;0;0;0;0;0;0;0;0;0;0;0;0;0;17;0;0;7;0;0;0;0;0;0;0;0;0;0;0;0;0;0
OTU_142;0;0;4;0;0;0;3;0;1;0;3;0;0;0;0;0;0;0;0;0;0;0;0;0;0;0;0;0;0;0;0;3;0;0;0;0;0;0;0;0;0;0;0;0;0;0;0;0;0
OTU_143;20;43;30;5;38;20;29;74;76;26;47;19;23;29;42;1;0;3;1;0;0;0;1;0;11;0;0;1;49;21;0;0;4;1;1;0;23;1;0;8;6;0;0;0;28;128;18;2;1
OTU_144;269;372;1;239;714;474;2;0;2;3;1;0;314;184;286;0;134;113;0;0;0;0;0;1;313;104;111;136;441;3;0;2;312;218;0;171;4;19;0;514;301;9;10;0;33;386;104;0;0
OTU_145;8;12;278;28;83;82;155;122;215;115;209;0;0;0;0;0;0;0;0;0;0;0;0;0;12;0;0;0;0;0;2;137;28;0;1;0;0;0;2;43;50;0;0;0;0;0;0;0;0
OTU_146;4;0;0;1;2;3;1;0;0;0;1;1;0;0;0;0;0;0;0;0;0;0;0;0;0;0;0;0;0;0;0;0;0;0;0;0;0;0;0;1;0;0;0;0;0;0;0;0;0
OTU_147;7;2;55;1;12;22;17;76;39;1;40;2;1;0;0;0;0;0;0;0;1;0;0;0;0;0;0;0;0;0;0;0;0;0;4;0;1;2;0;0;0;0;0;7;0;2;4;1;1
OTU_148;0;0;0;0;0;0;0;0;0;0;0;0;0;0;0;0;0;0;0;0;0;0;0;0;0;0;0;0;0;0;0;0;0;0;0;0;0;0;0;0;4;0;0;0;0;0;0;0;0
OTU_149;0;0;0;0;0;0;0;0;0;0;0;0;0;0;0;0;0;0;0;0;1;0;1;0;351;50;20;0;0;0;0;0;509;56;2;42;0;0;2;698;591;42;34;1;0;0;0;0;0
OTU_150;3;6;0;0;0;3;0;0;0;0;0;0;1;0;0;0;0;0;0;0;0;0;0;0;3;0;0;0;4;0;0;0;0;0;0;0;0;1;0;7;7;1;0;0;0;0;0;0;0
OTU_151;11;3;0;15;8;0;0;0;0;0;0;4;8;3;0;0;0;0;0;0;0;0;0;0;0;0;0;0;0;0;0;0;0;0;0;0;0;0;0;0;0;0;0;0;0;0;7;0;0
OTU_152;0;0;0;0;0;0;0;0;0;0;0;0;0;0;0;0;0;0;0;0;0;0;0;0;0;0;0;0;0;0;0;0;0;0;0;0;0;0;0;0;10;0;0;0;0;0;0;0;0
OTU_153;0;8;21;9;26;7;19;33;78;16;47;10;1;1;3;0;0;0;0;0;0;0;0;0;0;0;0;0;0;0;0;0;0;0;0;0;0;0;0;0;0;0;0;0;0;0;0;0;0
OTU_154;9;7;67;12;33;20;43;60;17;95;47;4;2;0;2;12;3;2;6;1;2;6;18;18;31;2;1;4;9;11;1;194;17;3;11;2;0;0;13;11;21;0;2;8;0;0;1;25;2
OTU_155;0;1;3;3;1;6;1;4;5;3;0;0;0;0;0;0;0;0;0;0;0;0;0;0;0;0;0;0;1;0;0;3;0;0;0;0;0;0;0;1;7;0;0;0;0;0;0;0;1
OTU_156;3;6;7;5;15;21;21;10;24;10;14;9;1;1;0;1;0;1;0;0;0;0;1;5;32;0;0;0;0;0;0;61;14;0;0;0;0;0;3;19;23;0;0;0;0;0;0;0;0
OTU_157;0;0;0;0;1;0;0;0;0;0;0;0;0;0;0;0;0;0;0;0;0;0;0;0;25;4;4;2;11;0;0;2;17;0;0;5;7;13;0;50;34;10;12;0;50;69;0;0;0
OTU_158;3;7;86;14;0;2;19;19;68;19;53;72;6;4;4;0;1;0;0;0;0;0;0;0;0;0;0;0;6;73;0;0;0;0;0;0;0;0;0;0;0;0;0;0;0;0;0;0;0
OTU_159;3;0;0;14;1;4;0;0;0;0;0;0;14;12;0;0;0;0;0;0;0;0;0;0;47;1;0;0;60;0;0;0;87;0;0;0;23;39;0;37;64;0;0;0;17;0;0;0;0
OTU_160;0;0;7;0;0;0;20;12;0;2;9;0;0;0;0;2;0;0;0;0;0;0;1;3;0;0;0;0;0;0;5;65;3;0;1;0;0;0;4;1;2;0;0;0;0;0;0;0;0
OTU_161;0;1;0;0;2;0;0;0;0;0;0;0;0;0;0;0;0;0;0;0;0;0;0;0;0;0;0;0;0;0;0;0;0;0;0;0;0;0;0;0;0;0;0;0;0;0;0;0;0
OTU_162;1;33;102;54;29;68;26;336;62;86;40;3;6;2;23;8;4;3;0;0;0;3;6;7;52;0;0;0;1;0;19;236;105;0;0;0;1;2;18;134;185;0;0;0;5;1;8;0;0
OTU_163;2;13;24;11;1;3;86;60;59;24;28;28;6;3;3;0;0;0;42;0;27;12;2;0;0;0;0;0;2;12;0;2;1;0;0;0;3;6;0;0;0;0;0;0;8;0;0;5;4
OTU_164;4;22;31;29;23;21;34;21;33;47;27;54;61;27;19;17;23;20;3;26;0;2;5;11;21;20;21;24;85;43;39;85;22;16;23;36;79;79;83;57;30;5;10;20;67;56;1;2;0
OTU_165;0;0;0;0;0;0;0;0;0;0;0;0;0;0;0;0;0;0;0;0;1;0;1;8;3;0;0;0;0;0;4;177;6;0;6;0;0;0;5;12;18;0;0;0;0;0;0;0;0
OTU_166;0;0;0;0;0;0;0;0;0;0;0;0;0;0;0;0;0;0;0;0;0;0;0;0;0;0;0;0;0;0;0;0;0;0;0;0;0;0;0;0;8;0;0;0;0;0;0;0;0
OTU_167;0;0;3;2;0;0;3;5;8;6;5;5;1;3;3;0;0;0;0;0;0;0;0;0;0;0;0;0;3;15;0;0;0;0;3;0;1;0;0;0;0;0;0;6;1;0;0;0;0
OTU_168;1;0;0;0;0;0;0;0;0;0;0;0;0;0;0;0;0;0;0;0;3;0;0;1;464;110;23;0;0;0;0;4;488;105;0;21;0;0;0;515;534;209;109;1;0;0;0;0;0
OTU_169;4;3;0;0;0;0;0;0;0;0;0;0;0;0;0;0;0;0;0;0;0;0;0;0;1;0;0;0;0;0;0;0;1;0;0;0;0;0;0;2;1;0;0;0;0;0;0;0;0
OTU_170;11;0;0;6;0;1;2;0;2;5;0;0;5;0;0;0;0;0;0;0;0;0;0;0;0;2;1;0;0;0;0;0;0;0;0;0;0;0;0;0;0;1;0;0;0;0;0;0;0
OTU_171;0;0;0;0;0;0;0;0;0;0;0;0;0;0;0;0;0;0;0;0;0;0;0;0;0;0;0;0;0;0;0;0;0;0;0;0;0;0;0;0;12;0;0;0;0;0;0;0;0
OTU_172;8;16;0;4;16;22;6;2;3;0;1;0;2;1;0;0;2;2;0;0;0;0;0;0;4;0;2;0;1;1;0;2;19;1;0;1;1;3;0;26;15;0;2;0;4;3;2;0;0
OTU_173;0;0;0;0;0;2;0;0;1;0;0;0;0;0;0;0;0;0;0;0;1;0;0;0;2;0;0;0;0;0;0;0;9;0;0;0;0;0;0;6;5;0;0;0;0;0;15;0;5
OTU_174;2;3;7;1;12;1;14;15;18;50;11;4;3;6;5;0;0;0;7;0;1;5;0;0;0;0;0;0;6;6;0;3;0;0;1;0;6;11;0;0;0;0;0;0;5;12;2;8;2
OTU_175;2;0;0;0;0;0;4;0;0;2;0;0;1;0;0;0;0;0;2;0;2;8;0;0;0;0;0;0;1;0;0;0;0;1;0;0;1;0;0;0;0;2;3;0;0;6;42;4;2
OTU_176;0;0;0;0;0;0;0;0;0;0;0;0;0;0;0;0;0;0;0;0;0;0;0;0;0;0;0;0;0;0;0;0;0;0;0;0;0;0;0;0;8;0;0;0;0;0;0;0;0
OTU_177;9;24;37;15;16;24;50;31;49;38;90;37;12;19;8;0;0;0;8;0;1;3;1;0;1;0;0;0;2;8;0;2;0;0;0;0;0;2;0;1;0;1;0;1;1;1;0;0;2
OTU_178;8;49;0;2;0;0;1;0;2;0;0;0;0;1;0;0;0;0;0;0;0;0;1;0;182;0;7;0;5;0;0;23;177;1;0;21;0;13;0;258;41;5;3;0;13;0;0;0;0
OTU_179;0;0;7;1;0;0;0;8;1;0;0;0;0;0;0;3;0;0;0;0;0;0;7;1;0;0;0;0;0;0;6;24;4;0;1;0;0;0;3;5;2;0;0;0;0;0;0;0;0
OTU_180;50;31;0;82;6;7;0;0;0;0;0;0;0;0;0;0;0;0;0;0;0;0;0;0;118;0;0;0;2;1;0;1;277;0;0;0;0;3;0;154;184;0;0;0;0;0;0;0;0
OTU_181;15;1;0;5;0;0;1;0;0;0;1;0;0;0;0;0;0;0;0;0;0;0;0;0;0;0;0;0;0;0;0;0;0;0;0;0;0;0;0;0;0;1;1;0;0;0;0;0;0
OTU_182;0;0;1;0;0;0;7;5;0;13;5;3;6;1;1;0;0;0;0;0;0;0;0;0;0;0;0;0;0;0;0;0;0;0;0;0;0;0;0;0;0;0;0;0;0;0;4;0;0
OTU_183;30;48;273;86;91;78;291;345;193;217;353;12;35;33;48;0;19;6;3;0;1;9;84;77;52;10;22;45;65;15;72;116;38;34;44;37;1;2;92;83;115;1;1;47;6;39;15;3;1
OTU_184;0;0;0;0;0;0;0;0;0;0;0;0;0;0;0;0;0;0;0;0;0;0;0;0;0;0;0;0;0;0;0;0;0;0;0;0;0;0;0;0;4;0;0;0;0;0;0;0;0
OTU_185;17;29;13;14;13;13;8;18;6;7;7;19;9;2;2;1;3;2;3;3;1;1;0;0;2;0;1;0;21;20;0;4;13;0;0;0;11;13;2;15;12;1;0;0;9;18;2;4;1
OTU_186;6;1;0;5;2;5;0;0;0;0;0;0;0;0;0;0;4;2;0;0;0;0;0;0;3;4;7;1;0;0;0;0;4;1;0;3;0;0;0;0;0;4;3;0;0;0;0;0;0
OTU_187;0;0;0;0;0;0;0;0;0;0;0;0;0;0;0;0;0;0;0;0;0;0;0;0;0;0;0;0;0;0;0;0;0;0;0;0;0;0;0;0;9;0;0;0;0;0;0;0;0
OTU_188;3;1;0;2;0;0;0;0;0;0;0;0;0;0;0;0;0;0;0;0;0;0;0;0;0;0;0;0;0;0;0;0;0;0;0;0;0;0;0;0;0;0;0;0;0;0;0;0;0
OTU_189;0;0;13;1;0;3;1;1;3;3;6;0;0;0;0;0;0;0;0;0;0;0;0;0;0;0;0;0;0;0;0;0;0;0;0;0;0;0;0;0;0;0;0;0;0;0;0;0;0
OTU_190;264;43;2;167;1;0;2;0;3;4;0;2;146;32;42;0;0;0;0;0;3;2;0;0;103;94;72;0;6;0;0;1;0;7;0;51;41;7;0;41;0;28;11;0;13;0;2;0;1
OTU_191;0;0;1;1;0;0;1;5;8;2;0;4;1;0;0;0;0;0;0;0;0;0;0;1;0;0;0;0;0;0;0;2;0;0;0;0;0;0;0;0;0;0;0;0;0;0;0;0;0
OTU_192;2;2;0;3;0;0;0;0;0;0;0;0;0;1;0;0;0;0;0;0;0;0;0;0;6;0;0;0;0;0;0;0;1;1;3;1;7;15;0;2;5;2;3;0;4;0;0;0;0
OTU_193;8;27;170;94;133;206;148;181;263;316;157;10;45;51;177;2;2;0;0;0;0;1;0;0;1;1;6;3;76;27;1;5;0;1;9;6;24;0;0;2;5;1;1;6;52;28;6;0;0
OTU_194;0;0;92;1;1;0;8;50;26;21;20;0;0;0;0;0;0;0;0;0;0;0;1;2;0;0;0;0;0;0;0;71;1;0;0;0;0;0;2;1;3;0;0;0;0;0;0;0;0
OTU_195;7;13;6;3;22;19;5;9;6;7;5;3;12;4;9;0;0;0;2;22;1;0;0;0;7;0;0;0;17;4;0;4;10;0;0;0;7;14;0;9;2;0;0;0;6;13;6;0;0
OTU_196;0;0;0;0;0;0;0;0;0;0;0;0;0;0;0;0;0;0;0;0;0;0;1;0;112;0;0;0;0;0;0;0;11;0;0;0;0;0;2;0;0;0;0;0;0;0;0;0;1
OTU_197;0;0;0;0;0;0;0;0;0;0;0;0;0;0;0;0;0;0;0;0;0;0;0;0;0;0;0;0;0;0;0;0;0;0;0;0;0;0;0;0;3;0;0;0;0;0;0;0;0
OTU_198;1;2;0;5;1;8;0;0;0;0;0;0;1;0;0;0;0;0;0;0;0;0;0;0;6;0;0;0;1;0;0;0;12;0;0;0;0;0;0;11;9;0;0;0;0;0;0;0;0
OTU_199;0;0;0;0;0;2;2;2;0;0;3;0;3;2;1;0;0;0;0;0;0;0;0;0;0;0;0;0;0;0;0;0;0;0;0;0;0;0;0;0;0;1;0;0;1;0;1;0;0
OTU_200;89;0;1;9;0;18;96;14;27;51;0;8;16;1;20;17;6;0;0;2;0;0;0;0;0;0;1;0;0;0;0;0;0;0;0;0;0;0;0;0;0;0;0;1;0;0;0;0;0
OTU_201;0;0;0;0;0;0;0;0;0;0;0;0;0;0;0;0;0;0;0;0;0;0;0;0;0;0;0;0;0;0;0;0;0;0;0;0;0;0;0;0;11;0;0;0;0;0;0;0;0
OTU_202;3;2;0;1;0;0;0;0;0;0;0;0;0;0;0;0;0;0;0;0;0;0;0;0;2;0;0;0;0;0;0;0;25;0;0;0;0;4;0;10;8;0;0;0;0;0;0;0;0
OTU_203;0;0;0;0;0;0;0;0;0;0;0;0;0;0;0;0;0;0;0;0;0;0;0;0;0;0;0;0;0;0;0;0;0;0;0;0;0;0;0;0;9;0;0;0;0;0;0;0;0
OTU_204;42;28;154;101;3;4;339;355;318;457;253;7;65;56;62;4;2;2;0;0;0;2;0;0;0;0;2;0;54;32;2;12;0;1;11;0;57;2;0;1;0;4;2;26;66;0;1;2;0
OTU_205;0;0;0;1;0;0;0;1;0;0;1;0;0;0;0;0;0;0;0;0;0;0;0;0;0;0;0;0;0;0;0;3;1;0;0;0;0;0;0;0;1;0;0;0;0;0;0;0;0
OTU_206;4;0;8;0;0;0;21;0;2;27;0;0;0;0;0;0;0;0;0;0;0;0;0;0;0;0;0;0;0;0;0;0;0;0;0;0;0;0;0;0;0;0;0;0;0;0;0;0;0
OTU_207;0;1;4;0;1;6;0;11;1;4;1;2;0;0;6;4;3;0;0;0;0;1;3;3;1;0;0;0;0;0;13;23;1;0;0;0;0;1;14;1;6;0;0;0;0;0;1;0;0
OTU_208;4;19;2;2;7;19;0;0;7;0;0;0;0;0;0;0;0;0;0;0;0;0;0;0;3;0;0;0;0;0;0;0;7;0;0;0;0;0;0;1;5;0;0;0;0;0;1;0;0
OTU_209;0;5;1;1;1;2;0;0;1;0;0;0;0;0;0;0;0;0;0;0;0;0;0;0;2;0;0;0;0;0;0;2;2;0;0;0;0;0;0;2;2;0;0;0;0;0;0;0;0
OTU_210;194;175;0;74;3;4;0;0;0;0;0;0;4;29;26;0;18;0;0;0;0;1;0;0;54;0;1;0;39;0;0;25;26;0;0;0;29;1;1;57;19;0;0;0;23;0;0;4;0
OTU_211;50;236;228;80;249;367;260;109;453;253;407;492;30;43;53;0;0;0;0;0;1;0;0;0;0;0;0;0;0;0;0;0;0;0;0;0;0;0;0;0;0;0;0;0;0;0;0;0;0
OTU_212;0;0;0;0;0;0;0;0;0;0;0;0;0;0;0;0;0;0;0;0;0;0;0;0;20;0;0;0;0;0;0;0;16;0;0;0;0;0;0;17;28;0;0;0;0;0;0;0;0
OTU_213;8;9;9;0;0;0;6;0;1;0;2;27;0;0;0;0;0;1;147;2;17;14;0;0;0;0;0;0;1;3;0;0;1;0;0;0;13;5;0;0;3;0;1;1;10;6;22;3;78
OTU_214;33;12;0;16;4;1;2;0;0;0;0;5;4;12;5;0;3;0;0;0;1;1;0;0;3;1;0;0;5;1;0;0;9;0;0;0;17;4;0;6;7;0;0;0;7;0;0;1;0
OTU_215;0;0;0;0;0;4;0;0;1;0;0;0;0;0;0;0;0;0;0;0;0;0;0;0;0;0;0;0;0;0;0;0;0;0;0;0;0;0;0;0;0;0;0;0;0;0;0;0;0
OTU_216;20;14;10;2;17;19;22;18;13;2;13;11;5;19;20;1;0;0;12;0;3;2;1;0;0;0;0;1;6;3;2;7;4;3;2;1;22;17;4;1;6;1;0;1;36;48;10;2;3
OTU_217;242;6;0;100;2;16;0;0;0;0;0;0;1;0;0;0;0;0;0;0;0;0;0;0;0;0;0;0;0;0;0;0;0;0;0;0;0;0;0;0;0;0;0;0;0;0;0;0;0
OTU_218;3;0;2;3;1;13;21;1;17;12;0;2;0;0;0;1;0;0;0;0;0;0;0;0;0;0;0;0;0;0;0;0;0;0;0;0;0;0;0;0;0;0;0;0;0;0;0;0;0
OTU_219;0;1;2;3;1;1;1;4;2;5;2;1;0;4;0;0;0;0;1;0;0;3;0;0;0;0;0;0;0;0;0;0;0;0;0;0;1;1;0;0;0;0;0;0;0;0;0;0;0
OTU_220;432;563;0;477;396;512;0;0;2;0;2;0;208;83;9;0;16;2;0;0;0;0;3;2;116;7;10;15;14;0;2;1;238;3;0;3;23;22;3;313;237;6;2;0;47;113;23;0;0
OTU_221;0;19;0;0;3;4;0;2;0;0;0;0;0;0;0;0;0;0;0;0;0;0;0;0;0;0;0;0;0;0;0;0;2;0;0;0;0;0;0;6;2;0;0;0;0;0;0;0;0
OTU_222;37;5;13;57;4;62;122;0;5;244;0;0;7;0;0;0;0;0;0;0;0;0;0;0;0;0;0;0;0;0;0;0;0;0;0;0;0;0;0;1;0;0;0;0;0;0;0;0;0
OTU_223;18;18;0;5;2;4;3;4;0;1;1;13;14;12;24;0;0;1;0;0;0;0;0;0;71;0;0;0;0;0;0;2;27;0;0;0;0;0;0;35;35;1;0;0;0;0;0;0;0
OTU_224;0;0;3;4;0;2;8;22;6;7;12;1;9;0;0;6;0;0;0;0;0;0;0;0;0;0;0;0;0;1;0;0;0;0;0;0;0;0;0;0;0;0;0;0;0;0;0;0;0
OTU_225;340;2;0;30;7;47;0;0;0;2;0;0;31;0;38;1;11;4;0;0;0;0;0;0;0;9;4;24;0;0;0;0;0;0;0;0;0;0;0;1;0;0;0;0;0;0;0;0;0
OTU_226;34;11;5;3;41;67;2;11;6;0;7;14;7;8;16;0;0;0;0;0;1;7;0;0;0;0;0;0;15;1;0;0;0;0;0;3;31;23;0;0;0;0;0;0;45;56;11;1;3
OTU_227;2;38;35;48;92;102;32;224;72;68;25;1;2;0;3;0;4;2;0;0;0;0;0;0;0;1;5;4;1;2;0;8;1;4;21;2;1;0;0;1;0;0;1;8;2;6;0;0;0
OTU_228;0;0;1;0;0;1;0;0;0;0;0;0;0;0;0;0;0;0;0;0;1;1;0;0;0;0;0;0;0;0;2;4;2;0;0;0;0;0;2;4;5;0;0;0;0;0;0;3;3
OTU_229;0;0;0;0;0;0;0;0;0;0;0;0;0;0;0;0;0;0;0;0;0;0;0;0;0;0;0;0;0;0;0;0;0;0;0;0;0;0;0;0;6;0;0;0;0;0;0;0;0
OTU_230;18;23;168;25;72;65;5;181;141;42;97;65;4;67;169;0;0;0;14;0;2;55;0;0;7;3;1;0;49;42;0;1;0;2;0;3;137;50;0;13;0;0;1;0;192;157;34;49;5
OTU_231;0;0;0;0;0;0;0;0;0;1;1;0;0;0;0;0;0;0;0;0;9;0;11;29;71;11;1;0;0;0;28;283;56;18;18;0;0;0;17;68;134;35;12;6;0;0;0;0;10
OTU_232;2;6;3;2;0;0;12;9;10;13;21;0;1;0;0;0;0;0;0;0;0;0;0;0;0;0;0;0;0;0;0;3;0;0;0;0;0;0;0;0;1;0;0;0;0;0;0;0;0
OTU_233;11;2;0;1;2;0;8;0;0;10;2;1;0;0;0;0;0;0;0;0;0;0;0;0;0;0;0;0;0;0;0;0;0;0;0;0;0;0;0;0;0;0;0;0;0;0;0;0;0
OTU_234;5;3;0;9;1;0;1;1;0;0;0;0;1;0;0;0;1;0;0;0;0;0;0;0;0;0;0;0;1;0;0;0;0;0;0;0;1;0;0;0;0;0;0;0;1;0;0;0;0
OTU_235;0;0;0;0;0;0;0;0;0;0;0;0;0;0;0;0;0;0;0;0;0;0;0;0;0;0;0;0;0;0;0;0;0;0;0;0;0;0;0;0;50;0;0;0;0;0;0;0;0
OTU_236;2;0;156;2;1;4;133;168;117;96;169;2;2;1;0;0;0;0;0;0;0;4;4;59;16;0;0;0;0;3;375;339;0;0;1;0;0;0;1;6;1;0;0;1;0;7;14;18;2
OTU_237;0;0;8;0;0;0;3;2;3;3;4;0;0;0;0;0;0;0;0;0;0;0;0;0;0;0;0;0;0;0;0;19;0;0;0;0;0;0;0;0;0;0;0;0;0;0;0;0;0
OTU_238;19;104;47;58;66;13;77;73;141;41;94;129;47;25;75;0;0;0;0;0;1;0;0;0;0;0;0;0;0;0;0;0;1;0;0;0;0;0;0;0;0;0;0;0;0;0;1;0;0
OTU_239;0;3;1;0;1;0;2;4;5;1;2;2;0;0;1;0;0;0;0;2;1;0;0;0;0;0;0;1;0;0;0;0;0;0;0;0;0;0;0;0;0;0;0;1;0;0;0;0;0
OTU_240;0;0;0;0;0;0;0;0;0;0;0;0;0;0;0;0;0;0;0;0;0;0;0;0;46;0;0;0;0;0;0;0;76;0;0;0;0;0;0;78;49;3;0;0;0;0;0;0;0
OTU_241;0;0;0;0;0;0;0;0;0;0;0;0;0;0;0;0;0;0;0;0;2;4;0;0;0;0;0;0;0;0;0;0;0;0;0;0;0;0;0;0;0;0;0;0;0;0;0;0;24
OTU_242;0;0;0;0;0;0;0;0;0;2;0;0;0;0;0;0;0;0;0;0;151;0;35;39;23;5;0;0;0;0;32;124;38;7;39;5;0;0;50;46;73;0;13;18;0;0;0;0;107
OTU_243;0;0;0;0;0;0;0;0;0;0;0;0;0;0;0;0;0;0;0;0;0;3;0;0;0;0;0;0;0;0;0;0;0;0;0;0;0;0;0;0;0;0;0;0;0;0;0;0;1
OTU_244;0;0;0;0;0;0;0;0;0;0;0;38;1;0;4;0;0;0;0;1;0;0;0;0;0;0;0;0;0;0;0;0;0;0;0;0;0;0;0;0;0;0;0;0;0;0;9;0;0
OTU_245;0;0;1;1;0;0;0;0;0;0;1;234;44;20;31;0;14;6;34;0;45;127;16;14;0;13;7;117;134;479;9;0;0;53;6;61;0;8;10;0;0;0;1;8;1;38;12;15;18
OTU_246;0;0;0;0;0;0;0;0;0;0;0;0;0;0;0;0;0;0;0;20;0;0;0;0;0;0;0;0;0;0;0;0;0;0;0;0;0;0;0;0;0;0;0;0;0;0;0;0;0
OTU_247;0;0;0;0;0;0;0;0;0;0;0;0;0;0;0;0;0;0;0;1;0;22;0;0;0;0;0;0;0;0;0;0;0;0;0;0;0;0;0;0;0;0;0;0;0;0;0;0;0
OTU_248;0;0;0;0;0;0;0;0;0;0;0;0;0;0;0;0;0;0;0;0;0;3;0;0;0;0;0;0;0;0;0;0;0;0;0;0;0;0;0;0;0;0;0;0;0;0;0;0;0
OTU_249;0;0;0;0;0;0;0;0;0;0;0;0;0;0;0;0;0;0;0;0;0;0;0;0;0;0;0;0;6;0;0;0;0;0;0;0;0;0;0;0;0;0;0;0;0;0;0;0;0
OTU_250;0;0;0;0;0;0;0;0;0;0;0;0;0;0;0;0;0;0;0;0;0;0;0;0;0;0;0;0;0;0;0;0;0;0;0;0;0;0;0;0;0;0;0;0;0;0;2;0;0
OTU_251;0;0;0;0;0;0;0;0;0;0;0;0;0;0;0;0;0;0;0;0;6;1;0;0;0;0;0;0;0;0;0;0;0;0;0;0;0;0;0;0;0;0;0;0;0;0;0;1;14
OTU_252;0;0;0;0;0;0;0;0;0;0;0;0;0;9;4;0;0;0;0;0;0;1;0;0;0;0;0;0;0;0;0;0;0;0;0;0;0;0;0;0;0;0;0;0;0;0;0;0;0
OTU_253;1;0;0;0;1;1;0;0;0;0;0;0;0;1;1;0;0;0;2;2;3;0;0;0;0;0;0;0;1;0;0;0;0;0;0;0;6;0;0;0;2;0;0;0;2;1;2;0;1
OTU_254;0;0;0;0;0;0;0;0;0;0;0;0;0;0;0;0;0;0;0;0;0;0;0;0;0;0;0;0;12;0;0;0;0;1;0;0;0;0;0;0;0;0;0;0;0;0;0;0;0
OTU_255;0;0;0;0;0;0;0;0;0;0;0;1;0;1;0;5;2;0;15;0;9;16;3;1;0;0;0;0;2;5;2;0;0;0;0;0;0;3;0;0;0;0;0;3;2;0;5;2;22
OTU_256;0;0;0;0;0;0;0;0;0;0;0;0;0;0;0;0;0;0;0;0;0;0;0;0;0;0;0;0;89;0;0;0;0;0;0;0;0;0;0;0;0;0;0;0;0;0;0;0;0
OTU_257;0;0;0;0;0;0;0;0;0;0;0;0;0;0;0;0;0;0;0;2;0;1;0;0;0;0;0;0;0;0;0;0;1;0;0;0;1;6;0;4;1;0;0;0;5;0;7;0;0
OTU_258;0;0;0;0;0;0;0;0;0;0;0;0;0;0;0;0;0;0;1;0;1;318;0;0;0;0;0;0;0;0;0;0;0;0;0;0;0;0;0;0;0;0;0;0;0;0;0;0;7
OTU_259;0;0;0;0;0;0;0;0;0;0;0;0;0;0;0;0;0;0;0;0;0;0;0;0;0;0;0;0;0;0;0;0;0;0;0;0;0;0;0;0;0;0;0;0;0;0;5;0;0
OTU_260;0;0;0;0;0;0;0;0;0;0;0;0;0;0;0;0;0;0;0;0;0;0;0;0;0;0;0;0;5;0;0;0;0;0;0;0;0;0;0;0;0;0;0;0;0;0;0;0;0
OTU_261;0;0;0;0;0;0;0;0;0;0;0;0;0;0;0;0;0;0;0;0;5;0;0;0;0;0;0;0;0;0;0;0;0;0;0;0;0;0;0;0;0;0;0;0;0;0;0;0;0
OTU_262;0;0;0;0;0;2;0;0;0;0;0;0;0;0;0;0;0;0;14;0;1;3;0;0;0;0;0;0;0;0;0;0;0;0;0;0;0;0;0;0;0;0;0;0;0;0;31;19;0
OTU_263;1;0;0;1;2;4;0;0;0;0;0;0;251;0;1;0;0;0;0;0;0;0;0;0;0;0;0;0;0;0;0;0;0;0;0;0;0;0;0;0;0;0;0;0;0;0;1;0;0
OTU_264;0;0;0;0;0;0;1;0;0;0;0;0;0;0;0;0;0;0;0;0;0;50;0;0;0;0;0;0;0;0;0;0;0;0;0;0;0;0;0;0;0;0;0;0;0;0;4;0;0
OTU_265;0;0;0;0;0;0;0;0;0;0;0;0;0;0;0;0;0;0;0;0;0;0;0;0;0;0;0;0;30;0;0;0;0;0;0;0;0;0;0;0;0;0;0;0;0;0;0;0;0
OTU_266;0;0;0;0;0;0;0;0;0;0;0;0;0;0;0;0;0;0;0;0;0;0;0;0;0;0;0;0;0;0;0;0;0;0;0;0;0;0;0;0;0;0;0;0;0;0;4;0;0
OTU_267;0;0;1;0;0;0;0;0;0;0;0;0;0;0;1;0;0;0;0;0;4;0;0;0;0;0;0;0;0;0;0;0;0;0;0;0;0;0;0;0;0;0;0;0;0;0;0;0;0
OTU_268;0;0;0;0;0;3;0;0;2;0;0;0;1;0;0;0;0;0;0;0;2;4;0;0;0;0;0;0;0;0;0;0;0;0;0;1;0;0;0;0;0;0;0;1;0;0;79;0;0
OTU_269;0;0;0;0;0;0;0;0;0;0;0;0;1;3;1;0;0;0;0;1;0;0;0;0;0;0;0;0;6;0;0;0;0;0;0;0;10;0;0;0;0;0;0;0;6;6;0;0;0
OTU_270;0;0;0;0;0;0;0;0;0;0;0;0;0;0;0;0;0;0;0;0;0;0;0;0;0;0;0;0;2;0;0;0;0;0;0;0;0;1;0;0;0;1;0;0;0;0;0;0;0
OTU_271;1;2;0;0;1;0;0;2;0;1;0;0;1;0;2;0;0;0;0;0;4;50;0;2;0;0;0;2;1;0;19;11;0;0;0;0;0;0;0;0;0;0;0;0;0;9;10;0;45
OTU_272;0;0;0;0;0;0;0;1;1;0;0;0;0;0;0;0;0;0;33;0;19;6;0;0;0;0;0;0;8;0;0;0;0;0;1;0;0;8;0;0;0;3;2;1;0;1;2;0;44
OTU_273;0;4;5;6;1;0;0;4;0;2;0;21;3;9;13;0;0;0;0;0;13;25;75;33;1;25;21;42;162;244;40;4;2;35;0;6;30;22;49;5;5;4;0;13;216;15;5;1;11
OTU_274;0;0;0;0;0;0;0;0;0;0;0;2;0;0;0;0;0;0;0;0;1;1;0;0;0;0;0;0;0;0;0;0;0;0;0;0;0;0;0;0;0;0;0;0;0;0;0;0;1
OTU_275;1;1;0;0;0;0;0;2;0;0;0;0;0;0;0;0;0;0;1;0;0;0;0;1;2;0;0;0;0;0;0;1;1;0;0;0;0;0;0;1;1;0;0;0;0;0;6;0;5
OTU_276;0;2;14;0;0;5;0;5;2;4;1;10;2;0;0;0;0;0;80;0;0;42;0;0;0;0;0;0;0;0;0;0;0;0;1;0;0;0;0;0;0;0;0;2;0;0;1;0;0
OTU_277;0;0;0;0;0;0;0;0;0;0;0;2;0;0;0;0;0;0;0;0;0;0;0;0;0;0;0;0;0;21;0;0;0;0;0;0;0;0;0;0;0;0;0;0;0;0;0;0;0
OTU_278;0;0;0;0;0;0;0;0;0;0;0;0;0;0;0;0;0;0;0;14;0;0;0;0;0;0;0;0;0;0;0;0;0;0;0;0;0;0;0;0;0;0;0;0;0;0;19;0;0
OTU_279;0;0;0;0;0;0;0;0;0;0;1;1;13;5;7;0;0;0;0;0;0;0;0;0;0;1;1;1;4;0;0;0;0;0;0;0;0;4;0;0;0;0;0;0;7;9;4;0;0
OTU_280;0;0;0;0;0;0;0;0;0;0;0;0;0;0;0;0;0;0;0;0;0;0;0;0;0;0;0;0;10;0;0;0;0;0;0;0;0;0;0;0;0;0;0;0;0;0;0;0;0
OTU_281;0;0;0;0;0;0;0;0;0;0;0;0;0;0;0;0;0;0;0;0;0;0;0;0;0;0;0;0;0;0;0;0;0;0;0;0;0;0;0;0;0;0;0;0;0;0;7;0;0
OTU_282;0;0;0;0;0;0;0;1;1;0;0;0;3;0;0;0;0;0;1;0;0;1;0;0;0;0;0;0;9;0;0;0;0;3;0;2;0;6;0;0;0;0;1;0;0;0;10;0;2
OTU_283;16;12;2;4;17;3;10;21;9;10;1;7;8;6;13;0;0;0;1;0;0;3;0;0;0;0;0;0;4;13;0;0;0;0;0;0;18;21;0;0;0;0;0;0;14;14;3;0;1
OTU_284;0;0;0;0;0;0;0;0;0;0;0;0;0;0;0;0;0;0;0;0;22;0;0;0;0;0;0;0;0;0;0;0;0;0;0;0;0;0;0;0;0;0;0;0;0;0;79;0;0
OTU_285;2;3;8;0;1;0;6;8;10;6;10;6;5;2;3;0;0;0;2;0;7;4;0;0;0;0;0;0;9;10;1;4;1;0;1;0;2;2;1;0;2;0;0;0;2;2;0;0;3
OTU_286;0;0;0;0;0;0;0;0;0;0;0;0;0;0;0;0;0;0;0;6;0;0;0;0;0;0;0;0;0;0;0;0;0;0;0;0;0;0;0;0;0;0;0;0;0;0;0;0;0
OTU_287;16;32;9;8;5;5;3;3;12;7;9;8;12;38;33;0;0;0;0;0;0;0;0;0;0;0;0;0;1;0;0;0;0;0;0;0;0;0;0;0;0;0;0;0;1;0;1;0;0
OTU_288;0;0;0;0;0;0;0;0;0;0;0;0;0;0;0;0;0;0;0;0;312;0;0;0;0;0;0;0;0;0;0;1;0;0;0;0;0;0;0;0;0;0;0;1;0;0;0;0;2
OTU_289;0;0;0;0;0;0;0;0;0;0;0;0;0;0;0;24;1;0;181;0;0;0;0;0;0;0;0;0;0;0;0;0;0;0;0;0;0;0;0;0;0;0;0;0;0;0;0;0;0
OTU_290;0;0;0;0;0;0;0;0;0;0;0;0;0;0;0;0;0;0;0;0;0;0;0;0;0;0;0;0;5;0;0;0;0;0;0;0;0;0;0;0;0;0;0;0;0;0;0;0;0
OTU_291;0;0;0;0;0;0;0;0;0;0;0;0;0;0;0;0;0;0;0;0;0;0;0;0;0;0;0;0;0;0;0;0;0;0;0;0;0;0;0;0;0;0;0;0;0;0;0;0;4
OTU_292;0;0;0;0;0;0;0;0;0;0;0;6;7;7;0;0;0;0;0;6;1;0;0;0;0;0;0;0;17;90;0;2;0;0;0;0;6;9;0;0;0;0;0;0;1;0;0;0;0
OTU_293;0;0;0;0;0;0;0;0;0;0;0;0;0;0;0;0;0;0;0;0;182;0;0;0;0;0;0;0;0;0;0;0;0;1;0;0;0;0;0;0;0;0;0;0;0;0;0;0;5
OTU_294;0;0;0;0;0;0;0;0;0;0;0;0;0;0;0;0;0;0;0;0;0;0;0;0;0;0;0;0;0;0;0;0;0;0;0;0;0;0;0;0;0;0;0;0;0;0;11;0;0
OTU_295;0;0;0;0;0;0;0;0;0;0;0;0;0;0;0;0;0;0;0;0;9;0;0;0;0;0;0;0;0;0;0;0;0;0;0;0;0;0;0;0;0;0;0;0;0;0;0;0;0
OTU_296;2;4;1;2;8;1;2;4;3;1;3;7;3;7;7;0;0;0;0;0;0;2;0;0;0;0;0;0;5;7;0;0;0;0;0;0;5;4;0;0;0;0;0;0;9;19;6;0;2
OTU_297;0;0;0;0;0;0;0;0;0;0;0;0;0;0;0;0;0;0;0;0;39;0;0;0;0;0;0;0;0;0;0;0;0;0;0;0;0;0;0;0;0;0;0;0;0;0;0;0;2
OTU_298;0;0;0;0;0;0;0;0;0;0;0;0;0;0;0;0;0;0;0;0;0;1;0;0;0;0;0;0;4;0;0;0;0;0;0;0;0;0;0;0;0;0;0;0;0;0;0;0;1
OTU_299;0;0;0;0;0;0;0;1;2;1;1;2;1;1;5;0;0;0;3;0;8;3;0;0;0;0;0;0;1;3;0;0;0;0;0;0;1;6;0;0;0;0;0;0;3;10;31;2;13
OTU_300;4;0;4;0;0;0;3;2;3;19;3;3;18;9;5;1;0;0;46;2;2;14;0;0;0;5;4;4;1;2;0;0;0;2;1;4;0;2;0;0;0;3;1;0;0;0;7;12;0
OTU_301;0;0;0;0;0;0;0;0;0;0;0;0;0;0;0;0;0;0;0;0;0;3;0;0;0;0;0;0;0;0;0;0;0;0;0;0;0;0;0;0;0;0;0;0;0;0;0;0;0
OTU_302;0;0;0;0;0;0;0;0;0;0;0;0;0;0;0;0;0;0;0;0;0;0;0;0;0;0;0;0;2;2;0;0;0;0;0;0;8;3;0;0;0;0;0;0;4;2;0;0;0
OTU_303;0;0;0;0;0;0;0;0;0;0;0;6;0;1;0;0;0;0;0;54;10;0;0;0;0;0;0;0;0;0;0;0;0;0;0;0;0;0;0;0;0;0;0;0;0;0;0;2;0
OTU_304;0;0;0;0;0;0;0;0;0;0;0;0;0;0;0;0;0;0;0;0;0;0;0;0;0;0;0;0;84;0;0;0;0;0;0;0;0;0;0;0;0;0;0;0;0;0;0;0;0
OTU_305;13;7;8;5;18;19;12;11;6;24;5;17;17;3;7;2;1;0;7;0;2;17;0;0;2;0;0;0;11;11;0;3;5;0;0;1;6;10;0;20;11;1;0;0;16;39;4;9;3
OTU_306;0;0;0;0;0;0;0;0;0;0;0;0;0;0;0;0;0;0;16;0;6;6;0;0;0;0;0;0;0;1;0;0;0;0;0;0;0;0;0;0;0;0;0;0;0;0;0;1;46
OTU_307;0;0;0;0;0;0;0;0;0;0;0;0;0;0;0;0;0;0;0;0;0;0;0;0;0;0;0;0;4;0;0;0;0;0;0;0;0;0;0;0;0;0;0;0;0;0;0;0;0
OTU_308;0;1;0;1;1;0;9;28;5;15;18;39;13;3;10;0;0;0;15;0;33;20;0;0;0;0;0;0;32;14;0;1;0;0;0;0;4;2;0;0;0;0;0;0;4;7;35;13;2
OTU_309;0;0;0;0;0;1;4;2;3;3;1;1;1;0;0;0;0;0;0;0;11;0;0;0;1;0;0;0;0;0;0;4;0;0;0;0;4;10;0;0;1;1;0;1;1;1;13;0;28
OTU_310;0;0;0;0;0;0;0;0;0;0;0;0;0;0;0;0;0;0;0;0;18;0;2;1;0;0;0;0;0;0;3;2;1;1;4;0;0;0;3;1;0;0;0;4;0;0;0;0;2
OTU_311;0;0;0;0;0;0;0;0;0;0;0;0;0;0;0;0;0;0;0;0;0;0;0;0;0;0;0;0;0;0;0;0;0;0;0;0;0;0;0;0;0;0;0;0;0;0;7;0;0
OTU_312;0;0;0;0;0;0;0;0;0;0;0;0;0;0;0;0;0;0;0;0;7;0;0;0;0;0;0;0;0;0;0;0;0;0;0;0;0;0;0;0;0;0;0;0;0;0;0;0;0
OTU_313;0;0;0;0;0;0;0;1;1;0;0;0;1;0;0;0;0;0;0;0;1;45;0;0;0;0;0;0;4;1;0;0;0;0;0;0;0;0;0;1;0;0;0;0;1;2;1;0;1
OTU_314;3;0;0;2;1;3;2;5;0;2;0;3;5;0;1;0;0;0;0;20;0;0;0;0;0;0;0;0;0;0;0;0;0;0;0;0;0;0;0;0;0;0;0;0;0;0;1;0;0
OTU_315;0;0;0;0;0;0;0;0;0;0;0;0;0;0;0;0;0;0;0;7;0;0;0;0;0;0;0;0;0;0;0;0;0;0;0;0;0;0;0;0;0;0;0;0;0;0;0;0;0
OTU_316;0;0;0;0;0;0;0;0;0;0;0;0;0;0;0;0;0;0;0;9;0;0;0;0;0;0;0;0;0;0;0;0;0;0;0;0;0;0;0;0;0;0;0;0;0;0;1;0;0
OTU_317;0;0;0;0;0;0;0;0;0;2;0;7;5;2;0;0;0;1;9;0;3;6;0;0;0;0;0;0;33;67;0;0;0;0;0;0;116;70;0;0;0;0;0;0;85;145;6;2;4
OTU_318;0;0;0;0;0;0;0;0;0;0;0;0;0;0;0;0;0;0;0;0;0;0;0;0;0;0;0;0;0;0;0;0;0;0;0;0;0;0;0;0;0;0;0;0;0;0;2;0;0
OTU_319;27;215;5;106;3;4;0;2;0;0;1;2;134;200;233;0;0;0;0;0;0;0;1;0;156;0;1;2;188;0;0;1;138;3;0;0;256;91;1;143;157;0;0;0;445;3;2;0;0
OTU_320;44;60;20;37;98;63;14;12;4;48;32;0;115;186;47;0;15;10;0;0;0;1;0;0;128;5;3;11;187;6;0;38;70;7;0;4;233;202;0;4;64;1;3;0;35;4;130;1;2
OTU_321;0;0;0;0;0;0;0;0;0;0;0;0;0;0;0;0;0;0;0;0;0;0;0;0;0;0;0;0;13;0;0;0;0;1;0;0;0;0;0;0;0;0;0;0;0;0;0;0;0
OTU_322;0;0;0;0;0;0;0;0;0;0;0;0;0;0;3;0;0;0;0;0;0;0;0;0;0;0;0;0;0;0;0;0;0;0;0;0;0;0;0;0;0;0;0;0;0;0;0;0;0
OTU_323;0;0;0;0;0;0;0;0;0;0;0;0;0;0;0;0;0;0;0;60;0;1;0;0;0;0;0;0;0;0;0;0;0;0;0;0;0;0;0;0;0;0;0;0;0;0;2;0;0
OTU_324;13;18;3;16;28;46;3;5;5;8;2;0;154;118;156;0;3;2;0;0;0;0;0;0;0;1;1;1;218;3;0;0;0;0;0;2;139;10;0;0;0;0;0;0;208;34;3;0;0
OTU_325;0;0;1;0;0;5;2;1;2;2;4;0;8;4;2;0;0;0;5;0;1;6;0;0;0;0;0;0;1;0;0;0;0;0;0;0;1;4;0;0;0;0;0;0;9;8;25;1;2
OTU_326;0;0;0;0;0;1;0;0;0;0;0;2;0;0;0;0;0;0;1;0;1;0;0;0;0;0;0;0;0;0;0;3;0;0;0;0;0;0;1;1;0;0;0;0;0;0;0;0;2
OTU_327;0;0;0;0;0;0;0;0;0;0;0;0;0;0;0;0;0;0;0;0;0;0;0;0;0;0;0;0;0;0;0;0;0;0;0;0;0;0;0;0;0;0;0;0;0;0;0;0;27
OTU_328;0;0;0;0;0;0;0;0;0;0;0;0;0;0;0;0;0;0;24;0;7;42;0;0;0;0;0;0;0;0;0;0;0;0;0;0;0;0;0;0;0;0;0;0;0;0;0;13;0
OTU_329;0;0;0;0;0;0;0;0;0;0;0;0;0;0;0;0;0;0;0;0;0;0;0;0;0;0;0;0;1;26;0;0;0;0;0;0;1;7;0;0;0;0;0;0;1;1;0;0;0
OTU_330;0;0;2;0;1;0;0;2;2;0;3;14;2;4;12;0;0;0;257;0;36;171;0;0;0;0;0;0;5;4;0;0;0;0;0;0;10;10;0;0;3;0;0;0;16;44;225;156;11
OTU_331;2;2;6;0;6;4;2;4;4;3;2;3;2;1;2;66;67;0;62;0;2;2;0;0;1;0;0;0;0;0;0;0;1;0;0;0;0;0;0;1;0;0;0;0;1;3;11;0;2
OTU_332;0;0;0;0;0;0;0;0;0;0;0;0;2;0;1;0;0;0;0;0;0;0;0;0;0;0;0;0;6;1;0;0;0;0;0;0;4;4;0;0;0;0;0;0;0;0;0;0;0
OTU_333;0;0;0;0;0;0;0;0;0;0;0;0;0;0;0;0;0;0;0;0;6;0;0;0;0;0;0;0;0;0;0;0;0;0;0;0;0;0;0;0;0;0;0;0;0;0;0;0;0
OTU_334;0;0;0;0;0;1;0;0;0;0;0;0;0;0;0;1;0;2;42;43;0;0;0;0;0;0;0;0;0;0;0;0;0;0;0;0;0;0;0;0;0;0;0;0;0;0;0;0;0
OTU_335;0;0;0;0;0;0;0;0;0;0;0;0;0;0;0;0;0;0;0;0;0;0;0;0;0;0;0;0;0;0;0;0;0;0;0;0;0;0;0;0;0;0;0;0;0;0;2;0;0
OTU_336;839;403;1;320;2;2;0;0;0;0;0;4;268;371;331;0;0;0;0;0;0;0;0;0;346;0;0;0;528;0;0;0;265;0;0;0;52;35;0;320;249;0;0;0;46;9;5;0;0
OTU_337;1;3;1;1;1;0;0;0;0;0;0;0;3;1;0;0;0;0;0;0;0;0;0;0;0;0;0;0;0;0;0;0;0;1;0;0;5;9;0;0;5;0;0;0;7;3;40;0;0
OTU_338;0;0;0;0;0;0;0;0;0;0;0;0;0;0;0;0;0;0;0;0;0;0;0;0;0;0;0;0;3;0;0;0;0;0;0;0;0;0;0;0;0;0;0;0;0;0;0;0;0
OTU_339;0;0;0;0;0;0;0;0;3;0;0;0;0;0;0;0;0;2;4;0;0;0;0;0;0;0;0;0;0;0;0;0;0;0;0;0;0;0;0;0;0;0;0;0;0;0;2;0;0
OTU_340;0;0;0;0;0;0;0;0;0;0;0;2;0;1;0;0;0;0;1;14;48;32;0;0;0;0;0;0;0;2;0;0;0;0;0;0;0;0;0;0;0;0;0;0;0;0;17;6;12
OTU_341;0;0;0;0;0;0;0;0;0;0;0;0;0;0;0;0;0;0;0;0;0;0;0;0;0;0;0;0;0;0;0;1;0;0;0;0;0;0;2;0;0;0;0;0;0;0;0;0;22
OTU_342;0;0;0;0;0;0;0;0;0;0;0;0;0;0;0;0;0;0;0;0;8;0;0;0;0;0;0;0;0;0;0;0;0;0;0;0;0;0;0;0;0;0;0;0;0;0;0;0;1
OTU_343;0;0;0;0;0;0;1;0;0;0;0;0;0;0;0;0;0;0;0;0;1;16;0;0;0;0;0;0;0;0;0;0;0;0;0;0;0;0;0;0;0;0;0;0;0;0;2;0;0
OTU_344;0;0;0;0;0;0;0;0;0;0;0;1;5;6;7;0;0;0;0;0;0;0;0;0;0;0;0;0;2;0;0;0;0;0;0;0;3;4;0;0;0;0;0;0;2;0;11;0;0
OTU_345;0;0;0;0;0;0;0;0;0;0;0;0;0;0;0;0;0;0;0;0;0;0;0;0;0;0;0;0;0;0;0;0;0;0;0;0;0;0;0;0;0;0;0;0;1;0;4;0;0
OTU_346;0;0;0;0;0;0;0;0;0;0;0;0;0;0;0;0;0;0;0;0;0;1;0;0;0;0;0;0;0;0;0;0;0;0;0;0;0;0;0;0;0;0;0;0;0;0;50;0;0
OTU_347;0;0;0;0;0;0;0;0;0;0;0;0;0;0;0;0;0;0;0;0;0;0;0;0;0;0;0;0;0;0;0;0;0;0;0;0;0;0;0;0;0;0;0;0;0;0;3;0;0
OTU_348;21;37;0;18;17;33;0;0;0;1;0;1;1;20;9;0;0;0;0;0;0;0;0;0;0;0;0;0;0;0;0;0;0;0;0;0;0;0;0;0;0;0;0;0;0;0;0;0;0
OTU_349;0;0;0;0;0;0;0;0;0;0;0;0;0;0;0;0;0;0;2;14;0;1;0;0;0;0;0;0;0;1;0;0;0;0;0;0;0;0;0;0;0;0;0;0;0;0;0;0;0
OTU_350;0;0;0;0;0;0;0;0;0;0;0;0;0;0;0;0;0;0;0;80;0;0;0;0;0;0;0;0;0;0;0;0;0;0;0;0;0;0;0;0;0;0;0;0;0;0;1;0;0
OTU_351;0;0;0;0;0;0;0;0;0;0;0;2;0;0;0;0;0;0;0;0;78;42;0;0;0;0;0;0;1;1;0;0;0;0;0;0;0;1;1;5;2;0;0;0;0;0;1;15;124
OTU_352;0;0;0;0;0;0;0;0;0;0;0;0;0;0;0;0;0;0;0;0;0;0;0;0;0;0;0;0;0;0;0;0;0;0;0;0;0;0;0;0;0;0;0;0;0;0;8;0;0
OTU_353;0;0;0;0;0;0;0;0;0;0;0;0;0;0;0;0;0;0;0;0;0;98;0;0;0;0;0;0;0;0;0;0;0;0;0;0;0;0;0;0;0;0;0;0;0;0;1;7;0
OTU_354;0;0;0;0;0;0;0;0;0;0;0;0;0;0;0;0;0;0;30;0;0;0;0;0;0;0;0;0;0;0;0;0;0;0;0;0;0;0;0;0;0;0;0;0;0;0;0;0;0
OTU_355;0;0;0;0;0;0;0;0;0;0;0;0;0;0;0;0;0;0;0;0;0;0;0;0;0;0;0;0;0;0;0;0;0;0;0;0;0;0;0;0;0;0;0;0;0;0;0;0;7
OTU_356;0;0;0;0;0;0;0;0;0;0;0;0;0;0;0;0;0;0;6;0;0;5;0;0;0;0;0;0;0;0;0;0;0;0;0;0;0;0;0;0;0;0;0;0;0;0;11;0;0
OTU_357;0;0;1;0;0;0;0;0;0;0;0;0;0;0;0;0;0;0;2;0;0;0;0;1;0;0;0;0;0;0;0;0;0;0;0;0;0;0;0;0;0;0;0;0;0;0;0;0;1
OTU_358;0;0;0;0;0;0;0;0;0;0;0;0;0;0;0;0;0;0;0;0;0;0;0;0;0;0;0;0;6;1;0;0;0;0;0;0;1;0;0;0;0;0;0;0;7;1;0;0;0
OTU_359;0;0;0;0;0;0;0;0;0;0;0;0;0;1;0;0;0;0;0;0;1;0;0;0;0;0;0;0;0;0;0;0;0;0;0;0;0;0;0;0;0;0;0;0;0;0;3;0;0
OTU_360;22;17;0;4;0;0;1;1;1;2;0;1;7;24;9;0;0;0;0;0;0;0;0;0;0;2;2;0;10;3;0;0;0;1;0;0;22;13;0;2;1;0;1;0;15;0;0;0;0
OTU_361;0;0;0;0;0;0;0;0;0;0;0;0;0;0;0;0;0;0;0;0;0;0;0;0;0;0;0;0;21;0;0;0;0;0;0;0;0;0;0;0;0;0;0;0;0;0;0;0;0
OTU_362;15;72;27;12;270;234;4;37;32;14;23;370;10;37;117;0;0;0;58;0;33;241;0;0;1;0;2;11;43;201;0;1;0;77;4;0;69;36;0;4;0;61;37;6;105;127;32;30;22
OTU_363;0;0;0;0;0;0;0;0;0;0;0;0;0;0;0;0;0;0;0;16;0;0;0;0;0;0;0;0;0;0;0;0;0;0;0;0;0;0;0;0;0;0;0;0;0;0;0;0;0
OTU_364;0;0;0;0;0;0;0;0;0;0;0;4;0;0;0;0;0;0;0;0;1;0;0;0;0;0;0;0;30;95;0;0;0;0;0;0;28;21;0;0;0;0;0;0;5;6;0;0;0
OTU_365;0;0;0;0;0;0;0;1;0;0;0;0;0;0;0;0;0;0;33;0;7;24;0;0;0;0;0;0;0;1;0;0;0;0;0;0;0;0;0;0;0;0;0;0;0;0;56;5;49
OTU_366;0;0;0;0;0;0;0;0;0;0;0;0;0;0;0;0;0;0;0;0;2;14;0;0;0;0;0;0;0;0;0;0;0;0;0;0;0;0;0;0;0;0;0;0;0;0;131;4;6
OTU_367;0;0;0;0;0;0;0;0;0;0;0;0;0;0;0;0;0;0;0;0;0;0;0;0;0;0;0;0;21;0;0;0;0;0;0;0;0;0;0;0;0;0;0;0;0;0;0;0;0
OTU_368;0;0;0;0;0;0;0;0;0;0;0;0;1;0;0;0;0;0;0;0;0;0;0;0;0;0;0;0;0;0;0;0;0;0;0;0;5;1;0;0;0;0;0;0;3;0;0;0;0
OTU_369;0;0;0;0;0;0;0;0;0;0;0;0;0;0;0;0;0;0;0;0;21;0;0;0;0;0;0;0;0;0;0;0;0;0;0;0;0;0;0;0;0;0;0;0;0;0;0;0;0
OTU_370;0;0;0;0;0;0;0;0;0;0;0;0;0;0;0;0;0;0;0;0;0;44;43;5;3;0;0;0;0;0;6;3;2;0;0;0;1;17;14;3;17;0;0;0;22;72;0;36;3
OTU_371;32;29;6;18;39;38;80;50;56;3;7;71;57;28;57;1;1;5;9;0;7;15;0;0;0;7;18;33;31;18;0;0;0;8;0;32;39;16;0;0;0;16;15;0;19;108;51;6;17
OTU_372;0;0;0;0;0;0;0;0;0;0;0;0;0;0;0;0;0;0;0;0;0;0;0;0;0;0;0;0;3;0;0;0;0;0;0;0;0;0;0;0;0;0;0;0;0;0;0;0;0
OTU_373;0;0;0;0;0;0;0;0;0;0;0;0;0;0;0;0;0;0;0;23;0;0;0;0;0;0;0;0;0;0;0;0;0;0;0;0;0;0;0;0;0;0;0;0;0;0;0;0;0
OTU_374;0;0;0;0;0;0;0;0;0;0;0;0;0;0;0;0;0;0;0;0;0;0;0;0;0;0;0;0;0;0;0;0;0;0;0;0;3;0;0;0;0;0;0;0;1;0;0;0;0
OTU_375;0;1;0;0;0;0;0;0;0;0;0;0;0;0;0;0;0;0;0;0;0;4;0;0;0;0;0;0;0;0;0;0;0;0;0;0;0;0;0;0;0;0;0;0;0;0;0;0;67
OTU_376;0;0;0;0;0;1;0;0;0;0;0;0;1;7;1;0;0;0;0;0;0;0;0;0;0;0;0;0;0;0;0;0;0;0;0;0;0;0;0;0;0;0;0;0;0;0;10;0;0
OTU_377;0;0;0;0;0;0;0;0;0;0;0;0;0;0;0;0;0;0;0;0;0;0;0;0;0;0;0;0;17;0;0;0;0;0;0;0;0;0;0;0;0;0;0;0;0;0;0;0;0
OTU_378;0;0;0;0;0;0;0;0;0;0;0;0;0;0;0;0;0;0;0;0;0;0;0;0;0;0;0;0;0;0;0;0;0;0;0;0;0;0;0;0;0;0;0;0;0;0;124;0;0
OTU_379;0;0;0;0;0;0;0;0;0;0;0;0;0;0;0;0;0;0;0;0;0;0;0;0;0;0;0;0;6;0;0;0;0;0;0;0;0;0;0;0;0;0;0;0;0;0;0;0;0
OTU_380;0;0;0;0;0;0;0;0;0;0;0;0;0;0;0;0;0;0;0;0;0;0;0;0;0;0;0;0;6;0;0;0;0;0;0;0;0;0;0;0;0;0;0;0;0;0;0;0;0
OTU_381;3;6;2;0;5;5;0;3;4;0;0;44;1;0;8;0;0;0;9;0;3;4;0;0;0;0;0;0;0;5;0;0;0;0;0;0;0;0;0;0;0;0;0;1;0;0;0;0;3
OTU_382;0;0;0;0;0;0;0;0;0;0;0;0;0;0;0;0;0;0;0;0;1;0;0;0;0;0;0;0;0;0;0;0;0;0;0;0;0;0;0;0;0;0;0;0;0;0;0;0;20
OTU_383;0;0;0;0;0;0;0;0;0;0;0;0;0;0;0;0;0;0;0;0;0;0;0;0;0;0;0;0;12;0;0;0;0;0;0;0;0;0;0;0;0;0;0;0;0;0;0;0;0
OTU_384;9;1;0;8;0;0;0;0;0;0;0;0;14;12;28;0;0;3;0;0;0;0;0;0;3;2;0;0;27;0;0;0;3;0;0;0;57;28;0;0;3;2;1;1;14;0;0;0;0
OTU_385;0;1;0;0;0;0;1;1;0;1;0;9;3;1;5;0;0;0;4;2;2;10;0;0;0;0;0;0;3;6;0;0;0;1;0;0;6;0;0;0;0;0;0;0;0;1;3;4;5
OTU_386;0;0;0;0;0;0;0;0;0;0;0;0;0;0;0;0;0;0;0;1;1;0;0;0;0;0;0;0;0;0;0;0;0;0;0;0;0;0;0;0;0;0;0;0;0;0;0;0;7
OTU_387;0;0;0;0;0;0;0;0;0;0;0;0;0;0;0;0;0;0;0;0;0;0;0;0;0;0;0;0;29;0;0;0;0;0;0;0;0;0;0;0;0;0;0;0;0;0;0;0;0
OTU_388;0;0;0;0;0;0;0;0;0;0;0;0;0;0;0;0;0;0;0;0;0;1;0;0;0;0;0;0;0;0;0;0;0;0;0;0;0;0;0;0;0;0;0;0;0;0;187;0;2
OTU_389;0;1;0;0;0;0;0;0;2;0;0;0;1;1;1;0;0;0;0;0;0;0;0;0;0;0;0;0;2;0;0;0;0;0;0;0;2;5;0;0;0;0;0;0;4;2;0;0;0
OTU_390;0;0;0;0;0;0;0;0;0;0;0;0;0;0;0;0;0;0;20;0;0;0;0;0;0;0;0;0;0;0;0;0;0;0;0;0;0;0;0;0;0;0;0;0;0;0;0;0;0
OTU_391;0;0;0;0;0;0;0;0;0;0;0;0;0;0;0;0;0;0;0;213;0;0;0;0;0;0;0;0;0;0;0;0;0;0;0;0;0;0;0;0;0;0;0;0;0;0;0;0;0
OTU_392;0;0;0;0;0;0;0;0;0;0;0;0;0;0;0;0;0;0;0;0;0;0;0;0;0;0;0;0;7;0;0;0;0;0;0;0;0;0;0;0;0;0;0;0;0;0;0;0;0
OTU_393;0;1;0;0;0;0;0;0;0;0;0;1;1;0;2;2;17;10;2;0;8;3;0;0;0;1;1;1;37;16;0;0;0;1;0;0;148;86;0;0;0;0;0;0;82;138;3;0;8
OTU_394;0;0;0;0;0;0;0;0;0;0;0;0;0;0;0;0;0;0;11;0;0;0;0;0;0;0;0;0;0;0;0;0;0;0;0;0;0;0;0;0;0;0;0;0;0;0;0;0;0
OTU_395;0;0;0;0;0;0;0;0;0;0;0;0;0;0;0;132;0;0;916;0;0;136;0;0;0;0;0;0;0;14;0;0;0;0;0;0;0;0;0;0;0;0;0;0;0;0;0;106;12
OTU_396;0;0;0;0;0;0;0;0;0;0;0;0;0;0;0;0;0;0;0;78;0;0;0;0;0;0;0;0;0;0;0;0;0;0;0;0;0;0;0;0;0;0;0;0;0;0;0;0;0
OTU_397;0;0;0;0;0;0;0;0;0;0;0;0;0;0;0;0;0;0;0;0;0;0;0;0;0;0;0;0;0;0;0;0;0;0;0;0;0;0;0;0;0;0;0;0;0;0;6;0;0
OTU_398;0;0;0;0;0;0;0;0;0;0;0;0;0;0;0;0;0;0;0;11;0;1;0;0;0;0;0;0;0;1;0;0;0;0;0;0;0;1;0;0;0;0;0;0;0;0;0;0;0
OTU_399;0;0;0;0;0;0;0;0;0;0;0;0;0;0;0;0;0;0;0;0;0;0;0;0;0;0;0;0;2;0;0;0;0;0;0;0;0;0;0;0;0;0;0;0;0;0;0;0;0
OTU_400;0;0;0;0;0;0;0;0;0;0;0;0;0;0;0;0;0;0;0;0;0;0;0;0;0;0;0;0;0;0;0;0;0;0;0;0;0;0;0;0;0;0;0;0;0;0;5;0;0
OTU_401;6;4;8;0;1;0;19;27;14;13;12;113;5;26;12;0;2;10;18;0;4;2;1;0;0;1;12;0;20;48;0;0;0;2;1;0;19;1;0;1;0;0;5;0;16;1;0;1;6
OTU_402;0;0;0;0;0;0;0;0;0;0;0;0;7;3;13;2;0;0;12;0;0;6;0;0;0;1;3;9;41;55;0;0;0;0;0;0;14;46;0;0;0;0;3;0;53;138;13;6;1
OTU_403;0;0;0;0;0;0;0;0;0;0;0;0;0;0;0;0;0;0;0;12;0;0;0;0;0;0;0;0;0;0;0;0;0;0;0;0;0;0;0;0;0;0;0;0;0;0;0;0;0
OTU_404;0;0;0;0;0;0;0;0;0;0;0;0;0;0;0;0;0;0;0;0;0;0;0;0;0;0;0;0;0;0;0;0;0;0;0;0;0;0;0;0;0;0;0;0;0;0;0;0;48
OTU_405;21;3;148;24;0;1;211;157;147;172;134;66;34;5;3;0;0;0;36;1;262;180;4;0;9;0;1;0;2;48;0;32;0;0;0;0;4;2;0;7;0;0;0;0;2;0;0;176;140
OTU_406;0;0;0;0;0;0;0;0;0;0;0;0;0;0;0;0;0;0;0;0;0;0;0;0;0;0;0;0;0;0;0;0;0;0;0;0;0;0;0;0;0;0;0;0;0;0;14;0;3
OTU_407;0;0;0;0;0;0;0;0;0;0;0;0;0;0;0;0;0;0;0;0;0;0;0;0;0;0;0;0;29;0;0;0;0;0;0;0;0;0;0;0;0;0;0;0;0;0;0;0;0
OTU_408;11;55;17;38;40;48;24;52;30;69;38;60;194;30;12;0;0;0;4;0;10;28;0;0;0;10;10;12;2;6;0;0;0;5;0;2;8;53;0;0;0;0;2;0;36;11;12;11;15
OTU_409;0;0;0;0;0;0;1;0;0;0;0;0;0;0;0;0;0;0;0;0;347;0;3;3;1;2;0;0;0;0;7;27;5;9;29;5;0;0;3;6;7;2;10;19;0;0;0;0;8
OTU_410;0;0;0;0;0;0;0;0;0;0;0;0;0;0;0;0;0;0;0;4;0;0;0;0;0;0;0;0;0;0;0;0;0;0;0;0;0;0;0;0;0;0;0;0;0;0;0;0;0
OTU_411;0;0;0;0;0;0;0;0;0;0;0;0;0;0;0;0;0;0;2;0;3;8;1;0;3;0;0;0;0;0;2;1;3;0;0;0;0;0;9;9;4;0;0;0;0;0;7;5;43
OTU_412;0;0;0;0;0;0;0;0;0;0;0;0;2;2;0;0;0;0;0;0;1;2;0;0;0;0;0;0;4;1;0;0;0;1;0;0;3;19;0;0;0;0;0;0;0;0;0;0;0
OTU_413;0;0;0;0;0;0;0;0;0;0;0;80;5;5;12;8;2;0;0;0;0;9;0;0;0;0;1;0;11;222;0;0;0;0;15;0;4;1;0;0;0;0;1;14;3;1;0;0;1
OTU_414;0;0;0;0;0;0;0;0;0;0;0;0;0;0;0;0;0;0;4;0;5;3;0;0;0;0;0;0;0;0;0;0;0;0;0;0;0;0;0;0;0;0;0;0;0;0;8;1;22
OTU_415;0;0;0;0;0;0;0;0;0;0;0;0;0;0;0;0;0;0;0;0;0;0;0;0;0;0;0;0;2;0;0;0;0;0;0;0;0;0;0;0;0;0;0;0;0;0;0;0;0
OTU_416;0;0;0;0;0;0;0;1;1;0;1;35;3;1;1;0;0;0;11;0;3;18;0;0;0;0;0;0;0;20;0;0;0;0;0;0;0;0;0;0;0;0;0;0;0;0;0;0;21
OTU_417;1;4;0;0;5;1;2;7;3;0;1;1;0;0;2;0;0;0;9;2;30;12;0;0;0;0;0;1;0;0;0;0;0;0;0;0;2;1;0;0;0;0;0;0;2;1;102;7;26
OTU_418;0;0;0;0;0;0;0;0;0;0;0;0;1;1;1;0;0;0;0;0;0;8;0;0;0;0;0;0;6;4;0;0;0;0;0;0;5;3;0;0;0;0;0;0;4;69;1;0;0
OTU_419;1;20;137;6;17;33;117;53;302;148;205;333;111;146;156;0;0;0;2;0;0;0;0;0;0;0;0;0;1;2;0;0;0;0;0;0;2;0;0;0;0;0;0;0;0;3;0;0;1
OTU_420;0;0;0;0;0;0;0;1;0;0;0;37;18;4;2;1;16;3;0;0;2;0;0;0;0;2;4;14;44;59;0;0;0;13;32;15;12;63;0;0;0;3;24;37;29;153;1;0;0
OTU_421;0;0;0;0;0;0;0;0;0;0;0;0;0;0;0;0;0;0;0;0;0;0;0;0;0;0;0;0;0;0;0;0;0;0;0;0;0;0;0;0;0;0;0;0;0;0;4;0;0
OTU_422;1;3;6;0;3;1;4;8;16;8;26;16;5;6;12;0;3;4;4;0;5;6;0;0;1;0;0;3;8;7;0;0;0;0;0;1;7;8;0;0;0;0;0;0;8;12;15;6;8
OTU_423;0;0;0;0;0;0;0;0;0;0;0;0;0;0;0;0;0;0;0;0;12;0;0;0;0;0;0;0;0;0;0;0;0;0;0;0;0;0;0;0;0;0;0;0;0;0;0;0;0
OTU_424;125;5;19;4;2;1;10;32;15;0;22;22;12;26;36;0;0;0;102;0;17;64;0;0;0;0;2;0;17;12;0;0;0;0;0;0;264;101;0;0;0;6;0;0;119;26;0;39;10
OTU_425;0;0;0;0;0;0;1;0;0;2;0;2;8;1;1;0;0;0;3;4;0;3;2;0;0;0;0;0;8;3;0;3;0;0;0;1;1;9;0;0;0;2;0;0;7;12;5;0;0
OTU_426;0;0;0;0;0;1;0;1;0;0;0;0;0;0;0;0;0;0;12;0;1;0;0;0;0;0;0;0;0;0;1;2;0;0;1;0;0;0;4;0;4;0;0;0;0;0;0;0;20
OTU_427;1;0;2;0;0;0;1;0;0;0;1;1;2;0;0;0;0;0;0;0;0;0;0;0;0;0;0;0;0;0;0;0;0;0;0;0;0;1;0;0;0;0;0;0;0;0;0;0;0
OTU_428;0;0;0;0;0;0;0;0;0;0;0;0;0;0;0;0;0;0;0;0;0;13;0;0;0;0;0;0;0;0;0;0;0;0;0;0;0;0;0;0;0;0;0;0;0;0;41;10;0
OTU_429;0;0;0;0;0;0;0;0;0;0;0;0;0;0;0;0;0;0;0;0;0;0;0;0;0;0;0;0;4;0;0;0;0;0;0;0;0;0;0;0;0;0;0;0;0;0;0;0;0
OTU_430;0;0;0;0;0;0;0;0;0;0;0;0;0;0;0;0;0;0;0;0;0;0;0;0;0;0;0;0;5;0;0;0;0;0;0;0;0;0;0;0;0;0;0;0;0;0;0;0;0
OTU_431;11;9;77;14;39;20;76;80;65;49;107;205;33;28;31;1;0;0;24;0;35;101;52;47;9;4;1;16;82;439;46;36;8;19;41;23;0;3;36;23;16;0;0;49;3;26;10;20;12
OTU_432;0;0;0;0;0;0;0;0;0;0;0;0;0;1;0;0;0;0;1;0;0;0;0;0;0;0;0;0;7;8;0;0;0;0;0;0;8;12;0;0;0;0;0;0;5;0;0;0;0
OTU_433;0;0;0;0;0;0;0;0;0;0;0;0;0;0;0;0;0;0;0;0;0;0;0;0;0;0;0;0;0;0;0;0;0;0;0;0;0;0;0;0;0;0;0;0;0;0;32;0;0
OTU_434;0;0;0;0;0;0;0;0;0;0;0;0;0;0;0;0;0;0;0;0;5;0;0;0;0;0;0;0;0;0;0;0;0;0;0;0;0;0;0;0;0;0;0;0;0;0;0;0;0
OTU_435;0;0;0;0;0;0;0;0;0;0;0;0;0;0;0;0;0;0;0;0;0;0;0;0;0;0;0;0;5;0;0;0;0;0;0;0;0;0;0;0;0;0;0;0;0;0;0;0;0
OTU_436;17;9;2;11;2;0;3;2;1;2;2;8;10;15;22;0;4;12;0;0;0;0;0;0;0;1;0;0;16;5;0;0;5;0;0;0;118;60;0;3;1;3;0;0;53;15;3;0;0
OTU_437;0;0;0;0;0;0;0;0;0;0;0;0;0;0;0;0;0;0;0;37;0;0;0;0;0;0;0;0;0;0;0;0;0;0;0;0;0;0;0;0;0;0;0;0;0;0;0;0;0
OTU_438;0;0;0;0;0;0;0;0;0;0;0;0;0;0;0;0;0;0;0;1;1;0;0;0;0;0;0;0;0;0;0;0;0;0;0;0;0;0;0;0;0;0;0;0;0;0;0;0;5
OTU_439;0;0;0;0;0;0;0;0;0;0;0;0;0;0;0;0;0;0;0;0;0;51;0;0;0;0;0;0;0;0;0;0;0;0;0;0;0;0;0;0;0;0;0;0;0;0;0;8;0
OTU_440;0;0;0;0;0;0;0;0;0;0;0;0;0;0;0;0;0;0;1;0;0;120;0;0;0;0;0;0;0;0;0;0;0;0;0;0;0;0;0;0;0;0;0;0;0;0;0;0;76
OTU_441;0;0;3;0;0;0;0;0;0;0;0;0;0;0;0;0;0;0;0;0;0;1;0;0;0;0;0;0;0;0;0;0;0;0;0;0;0;0;0;0;0;0;0;0;0;0;2;0;0
OTU_442;0;0;0;0;0;0;0;0;0;0;0;0;0;0;0;0;0;0;0;0;0;0;0;0;0;0;0;0;0;0;0;0;0;0;0;0;0;0;0;0;0;0;0;0;0;0;0;0;7
OTU_443;0;0;0;0;0;0;0;0;0;0;0;0;0;0;0;0;0;0;0;41;0;0;0;0;0;0;0;0;0;0;0;0;0;0;0;0;0;0;0;0;0;0;0;0;0;0;0;0;0
OTU_444;0;0;0;0;0;0;0;0;0;0;0;0;0;0;0;0;0;0;0;0;0;0;0;0;0;0;0;0;2;0;0;0;0;0;0;0;0;0;0;0;0;0;0;0;0;0;0;0;0
OTU_445;0;0;0;0;0;0;0;0;0;0;0;0;0;0;0;0;0;0;0;0;1;0;0;0;0;0;1;0;4;4;0;0;0;0;0;0;0;5;0;0;0;0;0;0;0;4;0;0;0
OTU_446;1;0;0;0;0;0;0;0;0;1;0;0;40;0;0;0;0;0;0;0;0;0;0;0;0;0;0;0;0;0;0;0;0;0;0;0;0;0;0;0;0;0;0;0;0;0;2;0;1
OTU_447;0;0;0;0;0;0;0;0;0;0;0;0;0;0;0;0;0;0;617;0;131;0;0;0;0;0;0;0;0;0;0;0;0;0;0;0;0;0;0;0;0;0;0;0;0;0;0;0;144
OTU_448;0;0;0;0;0;0;0;0;0;0;0;0;0;0;0;0;0;0;0;0;0;0;0;0;4;0;0;0;0;0;0;0;2;0;0;0;0;3;0;5;6;0;0;0;20;30;0;0;0
OTU_449;0;0;0;0;0;0;0;0;0;0;0;0;0;0;0;0;0;0;0;0;0;0;0;0;0;0;0;0;3;0;0;0;0;0;0;0;0;0;0;0;0;0;0;0;0;0;0;0;0
OTU_450;0;0;0;0;0;0;0;0;0;0;0;0;0;0;0;0;0;0;0;0;8;0;0;0;0;0;0;0;0;0;0;0;0;0;0;0;0;0;0;0;0;0;0;0;0;0;0;0;0
OTU_451;200;331;57;196;181;239;40;23;125;74;87;80;193;389;399;0;0;0;0;0;0;0;0;0;0;0;0;0;0;0;0;0;0;0;0;0;0;0;0;0;0;0;0;0;0;0;0;0;0
OTU_452;0;0;0;0;0;0;0;0;0;0;0;0;0;0;0;0;0;0;0;0;0;0;0;0;0;0;0;0;5;0;0;0;0;0;0;0;0;0;0;0;0;0;0;0;0;0;0;0;0
OTU_453;0;0;0;0;0;0;0;0;0;0;0;0;0;0;0;0;0;0;0;0;0;0;0;0;0;0;0;0;95;1;0;0;0;0;0;0;149;64;0;0;0;0;0;0;33;20;0;0;0
OTU_454;0;0;0;0;0;0;0;0;0;0;0;0;0;0;0;0;0;0;0;0;0;2;0;0;0;0;0;0;3;2;0;0;0;0;0;0;10;5;0;0;0;0;0;0;19;21;0;1;0
OTU_455;0;0;0;0;0;0;0;0;0;0;0;0;0;0;0;0;0;0;0;0;0;0;0;0;0;0;0;0;3;0;0;0;0;0;0;0;0;0;0;0;0;0;0;0;0;0;0;0;0
OTU_456;0;0;0;0;0;0;0;0;0;0;0;0;0;0;0;0;0;0;0;0;0;0;0;0;0;0;0;0;4;0;0;0;0;0;0;0;0;0;0;0;0;0;0;0;0;0;0;0;0
OTU_457;0;0;0;0;0;0;0;0;0;0;0;13;2;7;0;0;0;0;9;11;43;10;0;0;0;0;0;0;18;62;0;0;0;0;0;0;1;18;0;0;0;0;0;0;0;4;13;0;33
OTU_458;0;0;0;0;0;0;0;0;0;0;0;0;0;0;0;0;0;0;19;189;0;0;0;0;0;0;0;0;0;0;0;0;0;0;0;0;0;0;0;0;0;0;0;0;0;0;0;0;0
OTU_459;0;0;0;0;0;0;0;0;0;0;0;0;0;0;0;0;0;0;0;0;2;0;0;0;0;0;0;0;0;0;0;0;0;0;0;0;0;0;0;0;0;0;0;0;0;0;3;0;0
OTU_460;0;0;0;0;0;0;4;0;5;2;0;42;1;0;3;12;0;0;1;116;1;0;0;0;0;0;0;0;0;0;0;0;0;0;0;0;0;0;0;0;0;0;0;0;0;0;0;0;0
OTU_461;0;0;0;0;0;0;0;0;0;0;0;0;0;0;0;0;0;0;0;0;0;0;0;0;0;0;0;0;0;0;0;0;0;0;0;0;0;0;0;0;0;0;0;0;0;0;2;0;0
OTU_462;0;0;0;0;0;0;0;0;0;0;0;0;0;0;0;0;0;0;0;26;0;0;0;0;0;0;0;0;0;0;0;0;0;0;0;0;0;0;0;0;0;0;0;0;0;0;0;0;0
OTU_463;0;0;0;0;0;0;0;0;0;0;0;0;0;0;0;0;0;0;0;368;0;0;0;0;0;0;0;0;0;0;0;0;0;0;0;0;0;0;0;0;0;0;0;0;0;0;0;0;0
OTU_464;0;3;1;2;3;0;0;1;0;4;1;0;1;0;2;0;0;1;0;0;0;0;0;0;1;0;0;0;0;0;0;0;0;0;0;0;1;2;0;1;0;0;0;0;8;0;5;0;0
OTU_465;0;0;0;0;0;0;0;0;0;0;0;0;0;0;0;0;0;0;0;0;0;0;0;0;0;0;0;0;7;0;0;0;0;0;0;0;0;0;0;0;0;0;0;0;0;0;0;0;0
OTU_466;0;0;0;0;0;0;0;0;0;0;0;0;0;0;0;0;0;0;0;0;1;0;0;0;0;1;0;0;0;0;0;0;0;0;1;0;0;0;0;0;0;0;6;40;0;0;0;0;0
OTU_467;0;0;0;0;0;0;0;0;0;0;0;0;0;0;0;0;0;0;30;1;0;3;0;0;0;0;0;0;0;0;0;0;0;0;0;0;0;0;0;0;0;0;0;0;0;0;0;3;4
OTU_468;2;1;0;2;0;0;0;0;0;0;0;0;0;0;1;0;0;2;15;0;1;7;0;0;0;4;5;0;39;56;0;0;0;0;0;0;66;66;0;0;0;10;13;0;64;5;0;10;5
OTU_469;1;0;1;1;0;1;1;7;2;1;7;1;1;0;0;0;0;0;18;0;0;23;0;0;0;0;0;0;0;1;0;0;0;0;0;0;0;0;0;0;0;0;0;0;2;0;1;22;3
OTU_470;0;0;0;0;0;0;0;0;0;0;0;0;0;0;0;0;0;0;0;0;0;0;0;0;0;0;0;0;2;0;0;0;0;0;0;0;0;0;0;0;0;0;0;0;0;0;0;0;0
OTU_471;6;43;0;19;67;113;0;0;0;0;0;0;83;77;69;0;67;21;0;0;0;0;0;0;0;23;79;32;185;2;0;0;0;21;0;27;394;212;0;0;3;37;33;1;495;583;16;0;0
OTU_472;29;12;3;10;2;0;7;3;5;5;7;6;11;18;30;0;0;0;6;1;1;4;0;0;10;1;0;0;32;3;0;4;16;0;0;0;43;46;0;13;5;0;0;0;21;0;1;1;2
OTU_473;0;0;0;0;0;0;0;0;0;0;0;0;0;0;0;0;0;0;0;0;0;169;0;0;0;0;0;0;0;0;0;0;0;0;0;0;0;0;0;0;0;0;0;0;0;0;6;15;3
OTU_474;0;0;0;0;0;0;0;0;0;0;0;0;0;0;0;0;0;0;0;0;0;0;6;7;0;0;0;3;4;12;11;0;0;2;4;3;1;8;10;0;0;1;5;2;13;33;0;1;0
OTU_475;1;106;0;36;1;0;0;0;0;0;0;1;39;15;42;0;1;1;0;0;0;0;2;1;32;9;12;14;31;0;0;0;20;7;0;0;13;1;0;47;30;1;1;1;45;21;10;0;0
OTU_476;0;0;0;0;0;0;0;0;0;0;0;0;0;0;0;0;0;0;0;0;0;1;0;0;0;0;0;0;0;0;0;0;0;0;0;0;0;0;0;0;0;0;0;0;0;0;5;0;0
OTU_477;0;0;0;0;0;0;0;0;0;0;0;0;0;0;0;0;0;0;0;0;0;0;0;0;0;0;0;0;47;0;0;0;0;0;0;0;0;0;0;0;0;0;0;0;0;0;0;0;0
OTU_478;0;0;0;0;0;0;0;0;0;0;0;0;0;0;0;0;0;0;0;0;0;0;0;0;0;0;0;0;0;0;0;0;0;0;0;0;0;0;0;0;0;0;0;0;0;0;5;0;3
OTU_479;0;0;0;0;0;0;0;0;0;0;0;0;0;0;0;0;0;0;0;0;0;30;0;0;0;0;0;0;0;0;0;0;0;0;0;0;0;0;0;0;0;0;0;0;0;0;0;0;24
OTU_480;0;0;0;0;0;0;0;0;0;0;0;0;0;0;0;0;0;0;0;0;0;0;0;1;0;0;0;0;0;0;0;0;0;0;0;0;0;0;0;0;0;0;0;0;0;0;0;0;93
OTU_481;0;0;0;0;0;0;0;1;1;0;0;8;0;4;1;0;0;0;1;0;1;9;0;0;0;0;0;0;0;1;0;0;0;0;0;0;8;2;0;0;0;0;0;0;6;0;0;0;1
OTU_482;0;0;0;0;0;0;0;0;0;0;0;0;0;0;0;0;0;0;3;0;0;0;0;0;0;0;0;0;0;0;0;0;0;0;0;0;0;0;0;0;0;0;0;0;0;0;0;0;0
OTU_483;0;0;0;0;0;0;0;0;0;0;0;0;0;0;0;0;0;0;0;0;0;0;0;0;0;0;0;0;4;0;0;0;0;0;0;0;0;0;0;0;0;0;0;0;0;0;0;0;0
OTU_484;0;0;0;0;0;0;0;0;0;0;0;0;0;0;0;0;0;0;0;0;0;0;0;0;0;0;0;0;16;0;0;0;0;0;0;0;0;0;0;0;0;0;0;0;0;0;0;0;0
OTU_485;19;88;37;39;113;179;4;34;28;7;18;0;67;52;60;0;0;0;0;0;0;0;0;0;1;8;19;43;29;0;0;0;1;8;0;28;85;316;0;1;1;10;21;0;370;242;10;0;0
OTU_486;0;0;0;0;0;0;0;0;0;0;0;0;0;0;0;0;0;0;0;0;0;0;0;0;0;0;0;0;2;0;0;0;0;0;0;0;0;0;0;0;0;0;0;0;0;0;0;0;67
OTU_487;1;0;3;0;0;0;1;1;4;0;3;3;1;0;1;0;0;0;1;26;0;0;0;0;0;0;0;0;1;3;0;0;0;0;0;0;2;5;0;0;1;0;0;0;1;1;0;0;0
OTU_488;18;10;9;11;3;0;0;10;4;2;5;85;4;64;61;0;0;0;18;0;1;47;0;0;1;0;0;0;36;54;0;0;0;0;0;0;243;52;0;0;0;1;0;0;126;3;0;44;4
OTU_489;0;1;0;0;0;0;0;0;0;0;0;0;2;1;1;0;0;3;10;3;1;0;0;0;0;0;0;0;21;20;0;1;2;2;0;2;20;38;0;1;0;0;0;0;31;37;4;0;0
OTU_490;0;0;0;0;0;0;0;0;0;0;0;23;0;0;0;0;0;0;1;0;8;11;2;3;0;1;0;0;0;48;4;2;2;0;1;1;0;0;0;0;0;0;0;0;0;0;0;0;2
OTU_491;0;0;2;0;0;0;1;3;1;4;2;72;7;13;2;3;0;0;143;37;70;31;19;25;0;0;0;0;30;153;0;18;0;0;0;0;7;25;14;0;0;0;0;0;0;0;15;0;38
OTU_492;0;0;0;0;0;0;0;0;0;0;0;0;0;0;0;0;0;0;0;0;0;0;0;0;0;0;0;0;0;0;0;0;0;0;0;0;0;0;0;0;0;0;0;0;0;0;0;0;60
OTU_493;0;0;0;0;0;0;0;0;0;0;0;0;0;0;0;0;0;0;0;0;6;2;0;0;0;0;0;0;0;1;0;0;0;0;0;0;0;1;0;0;0;0;0;0;0;0;0;2;0
OTU_494;0;0;0;0;0;0;0;0;0;0;0;0;0;0;0;0;0;0;0;0;59;0;0;0;0;0;0;0;0;0;0;0;0;0;0;0;0;0;0;0;0;0;0;0;0;0;0;0;28
OTU_495;2;9;4;11;0;1;2;29;2;8;1;88;24;17;11;0;1;0;0;1;0;2;1;6;2;1;3;0;36;37;0;0;0;3;2;0;26;28;0;0;0;0;0;0;22;2;2;0;3
OTU_496;0;0;0;0;0;0;0;0;0;0;0;0;0;0;0;0;0;0;0;87;0;0;0;0;0;0;0;0;0;0;0;0;0;0;0;0;0;0;0;0;0;0;0;0;0;0;0;0;0
OTU_497;0;0;0;0;0;0;0;0;0;0;0;0;0;0;0;0;0;0;4;0;6;4;0;0;0;0;0;0;0;0;0;0;0;0;0;0;0;0;0;0;0;0;0;0;0;0;1;2;67
OTU_498;0;0;0;0;0;0;0;0;0;0;0;0;0;0;0;0;0;0;0;5;0;0;0;0;0;0;0;0;0;0;0;0;0;0;0;0;0;0;0;0;0;0;0;0;0;0;0;0;0
OTU_499;0;0;0;0;0;0;0;0;0;0;0;0;0;0;0;0;0;0;0;0;0;0;0;0;0;0;0;0;9;0;0;0;0;0;0;0;0;0;0;0;0;0;0;0;0;0;0;0;0
OTU_500;0;0;0;0;0;0;0;0;0;0;0;0;0;0;0;0;0;0;0;0;0;0;0;0;0;0;0;0;23;0;0;0;0;0;0;0;0;0;0;0;0;0;0;0;0;0;0;0;0
OTU_501;0;0;0;0;0;0;0;0;0;0;0;0;0;0;0;0;0;0;3;0;0;11;0;0;0;0;0;0;0;0;0;0;0;0;0;0;0;0;0;0;0;0;0;0;0;0;0;0;0
OTU_502;0;0;0;0;0;0;0;0;0;0;0;0;0;0;0;0;0;0;0;0;0;0;0;0;0;0;0;0;0;0;0;0;0;0;0;0;0;0;0;0;0;0;0;0;0;0;2;0;0
OTU_503;0;0;0;0;0;0;0;0;0;0;0;0;0;0;0;0;0;0;1;0;9;58;0;0;0;0;0;0;0;0;0;0;0;0;0;0;0;0;0;0;0;0;0;0;0;0;24;13;43
OTU_504;0;0;0;0;0;0;0;0;0;0;0;0;0;0;0;0;0;0;1;0;1;264;0;0;0;0;0;0;0;1;0;0;0;0;0;0;0;0;0;0;0;0;0;0;0;0;1;0;5
OTU_505;1;0;0;2;1;2;0;0;0;0;0;0;0;0;0;0;0;0;29;0;24;8;2;0;0;0;0;0;0;0;0;0;0;0;0;0;0;0;0;1;0;0;0;0;0;0;43;18;39
OTU_506;0;0;0;0;0;0;0;0;0;0;0;0;0;0;0;0;0;0;6;0;0;1;0;0;0;1;1;5;0;0;0;0;0;0;0;0;0;0;0;0;0;0;0;0;0;0;32;0;16
OTU_507;0;0;0;0;0;0;0;1;1;0;0;0;0;0;0;0;0;0;3;0;0;36;0;0;0;0;0;0;0;0;0;0;0;0;0;0;0;2;0;0;0;0;0;0;0;0;2;3;1
OTU_508;0;0;0;0;0;0;0;0;0;0;0;0;0;0;0;0;0;0;5;0;21;0;0;0;0;0;0;0;0;0;0;0;0;0;0;0;0;0;0;0;0;0;0;0;0;0;1;0;1
OTU_509;0;0;0;0;0;0;0;0;0;0;0;0;0;0;0;0;0;0;0;0;0;0;0;0;0;0;0;0;10;0;0;0;0;0;0;0;0;0;0;0;0;0;0;0;0;0;0;0;0
OTU_510;0;0;0;0;0;0;0;0;0;0;0;0;0;0;0;0;0;0;0;0;0;0;0;0;0;0;0;0;2;0;0;0;0;0;0;0;0;0;0;0;0;0;0;0;0;0;0;0;0
OTU_511;0;0;0;0;0;0;0;0;0;0;0;0;0;0;0;0;0;0;0;0;0;0;0;0;0;0;0;0;14;0;0;0;0;0;0;0;0;0;0;0;0;0;0;0;0;0;0;0;0
OTU_512;0;0;0;0;0;1;0;1;0;0;0;1;1;0;0;0;0;0;73;0;23;11;0;0;0;0;0;0;0;1;0;0;0;0;0;0;2;1;0;0;0;0;0;0;1;0;78;14;56
OTU_513;0;0;0;0;0;0;0;0;0;0;0;0;0;0;0;0;0;0;0;0;8;0;0;0;0;0;0;0;0;0;0;0;0;0;0;0;0;0;0;0;0;0;0;0;0;0;0;0;0
OTU_514;2;1;11;17;20;50;16;15;8;24;11;48;0;0;0;0;0;0;0;0;7;2;21;13;9;0;5;19;21;14;15;0;6;7;6;11;7;60;16;8;2;0;4;6;27;53;0;1;0
OTU_515;8;1;0;3;0;21;8;8;2;11;1;0;1;0;0;0;0;0;18;0;8;20;1;0;0;0;0;0;0;1;0;0;0;0;0;0;5;11;0;0;0;0;0;0;22;0;10;6;26
OTU_516;0;0;0;0;0;0;0;0;0;0;0;0;0;0;0;0;0;0;0;22;0;0;0;0;0;0;0;0;0;0;0;0;0;0;0;0;0;0;0;0;0;0;0;0;0;0;0;0;0
OTU_517;0;0;0;0;0;0;0;0;0;0;0;0;0;0;0;0;0;0;5;0;0;0;0;0;0;0;0;0;0;0;0;0;0;0;0;0;0;0;0;0;0;0;0;0;0;0;0;0;0
OTU_518;0;0;0;0;0;0;0;0;0;0;0;0;0;0;0;0;0;0;0;0;0;0;0;0;0;0;0;0;2;0;0;0;0;0;0;0;0;0;0;0;0;0;0;0;0;0;0;0;0
OTU_519;0;0;0;0;0;0;0;0;0;0;0;0;0;0;0;0;0;0;0;992;0;0;0;0;0;0;0;0;0;0;0;0;0;0;0;0;0;0;0;0;0;0;0;0;0;0;0;0;0
OTU_520;0;0;0;0;0;0;0;0;0;0;0;0;0;0;0;0;0;0;0;0;0;0;0;0;0;0;0;0;0;0;0;0;0;0;0;0;0;0;0;0;0;0;0;0;0;0;0;0;67
OTU_521;0;0;0;0;0;0;0;0;0;0;0;0;6;2;0;8;13;1;33;0;4;1;11;13;1;7;3;39;2;11;48;0;1;3;0;0;0;114;22;1;8;0;0;3;17;87;0;0;5
OTU_522;0;0;0;0;0;0;0;0;0;0;0;0;0;0;0;0;0;0;16;0;1;89;0;0;0;0;0;0;0;0;0;0;0;0;0;0;0;0;0;0;0;0;0;0;0;0;16;69;1
OTU_523;0;0;0;0;0;0;1;0;0;0;0;1;1;0;0;0;0;0;0;0;0;0;0;0;0;0;0;0;1;0;0;0;0;0;0;0;6;5;0;0;0;0;0;0;4;0;0;0;0
OTU_524;14;17;11;3;12;9;3;7;2;11;6;18;23;11;16;0;0;1;0;0;0;2;0;0;0;0;0;0;33;8;0;0;0;0;0;0;1;19;0;3;0;0;0;0;15;10;4;0;2
OTU_525;0;0;1;0;0;0;2;1;1;1;0;16;0;3;0;0;0;0;5;0;2;7;0;0;0;0;0;0;2;7;0;0;0;0;0;0;4;2;0;0;0;0;0;0;4;0;6;0;51
OTU_526;0;0;0;0;0;0;0;0;0;0;0;0;0;0;0;0;0;0;0;0;5;0;0;0;0;0;0;0;0;0;0;0;0;0;0;0;0;0;0;0;0;0;0;0;0;0;0;0;0
OTU_527;0;0;0;0;0;0;0;0;0;0;0;0;0;0;0;0;0;0;12;0;9;3;0;0;0;0;0;0;0;0;0;0;0;0;0;0;0;0;0;0;0;0;0;0;0;0;4;0;10
OTU_528;0;0;0;2;0;0;1;2;2;0;2;8;4;4;8;0;0;0;6;1;3;7;0;0;0;0;0;0;3;4;0;1;0;0;0;0;3;3;0;1;0;0;0;0;5;9;11;1;4
OTU_529;0;0;0;0;0;0;0;0;0;0;0;0;0;0;0;0;0;0;0;0;128;0;0;0;0;0;0;0;0;0;0;0;0;0;0;0;0;0;0;0;0;0;0;0;0;0;0;0;19
OTU_530;1;1;0;0;0;1;1;0;0;0;0;0;2;0;0;0;0;0;0;0;1;2;0;0;0;0;0;0;3;0;0;0;0;0;0;0;3;4;0;0;0;0;0;0;3;2;0;0;0
OTU_531;0;0;0;0;0;0;2;0;0;0;1;6;3;0;1;0;0;0;3;73;4;2;0;0;0;0;0;0;0;0;0;0;0;0;0;0;1;1;0;0;0;0;0;0;4;5;9;0;1
OTU_532;0;0;0;0;0;0;0;0;0;0;0;0;0;2;0;0;0;0;0;0;0;0;0;0;0;0;0;0;1;0;0;0;0;0;0;0;0;0;0;0;0;0;0;0;2;3;2;0;0
OTU_533;0;0;0;0;0;0;0;0;0;0;0;0;0;0;0;0;0;0;0;0;9;0;0;0;0;0;0;0;0;0;0;0;0;0;0;0;0;0;0;0;0;0;0;0;0;0;0;0;0
OTU_534;48;36;1;21;24;0;7;7;3;11;11;17;16;16;17;0;0;0;17;1;40;14;0;0;0;0;9;4;37;16;0;0;0;0;0;0;4;1;0;0;0;10;0;0;3;4;32;2;1
OTU_535;12;2;4;0;3;2;0;7;7;0;3;3;1;4;6;0;0;0;1;0;1;1;0;0;0;0;0;0;2;2;0;0;0;0;0;0;12;6;0;0;0;0;0;0;8;1;0;0;3
OTU_536;45;97;7;9;120;64;14;23;14;5;15;166;20;14;31;0;2;4;24;0;10;1;0;0;5;6;7;19;36;95;0;7;3;1;0;8;13;0;0;9;5;0;2;0;26;97;15;5;20
OTU_537;3;2;0;1;0;2;0;0;0;0;0;1;6;3;10;0;0;0;0;0;0;0;0;0;0;0;0;0;3;2;0;0;0;0;0;1;6;5;0;0;0;0;0;0;3;4;15;0;0
OTU_538;0;0;0;0;0;0;0;0;0;0;0;0;0;0;0;0;0;0;0;0;9;0;0;0;0;0;0;0;0;0;0;0;0;0;0;0;0;0;0;0;0;0;0;0;0;0;2;0;0
OTU_539;0;0;0;0;0;0;0;0;0;0;0;0;0;0;0;0;0;0;0;0;0;0;0;0;0;0;0;0;5;0;0;0;0;0;0;0;0;0;0;0;0;0;0;0;0;0;0;0;0
OTU_540;0;0;0;0;0;0;0;0;0;0;0;0;0;0;0;1;0;0;344;0;0;66;0;0;0;0;0;0;0;5;0;0;0;0;0;0;0;0;0;0;0;0;0;0;0;0;0;6;4
OTU_541;0;0;0;0;0;0;0;0;0;0;0;0;0;0;0;0;0;0;0;0;25;16;0;0;0;0;0;0;0;0;0;0;0;0;0;0;0;0;0;0;0;0;0;0;0;0;7;7;38
OTU_542;0;0;0;0;0;0;0;0;0;0;0;0;0;0;0;0;0;0;0;0;0;0;0;0;0;0;0;0;10;0;0;0;0;0;0;0;0;0;0;0;0;0;0;0;0;0;0;0;0
OTU_543;0;0;0;0;0;0;0;0;0;0;0;0;0;0;0;0;0;0;0;0;0;0;0;0;0;0;0;0;0;0;0;0;0;0;0;0;0;0;0;0;0;0;0;0;0;4;2;0;0
OTU_544;0;0;0;0;0;0;0;0;0;0;0;0;1;0;0;0;1;0;0;0;0;0;0;0;0;0;0;0;2;0;0;0;0;0;0;0;0;1;0;0;0;0;0;0;1;0;4;0;0
OTU_545;0;0;0;0;0;0;0;0;0;0;0;0;0;0;0;1;8;8;27;0;0;0;0;0;0;0;0;0;0;0;0;0;0;0;0;0;0;0;0;0;0;0;0;0;0;0;0;0;0
OTU_546;0;0;0;0;1;0;0;0;0;0;0;0;0;0;0;0;0;0;0;0;0;9;0;0;0;0;0;0;0;0;0;0;0;0;0;0;0;0;0;0;0;0;0;0;0;0;8;0;4
OTU_547;0;0;0;0;0;0;0;0;0;0;0;0;0;0;0;0;0;0;0;7;0;0;0;0;0;0;0;0;0;0;0;0;0;0;0;0;0;0;0;0;0;0;0;0;0;0;0;0;0
OTU_548;6;8;2;5;0;2;0;0;0;0;0;0;3;0;2;0;0;0;0;0;0;0;0;0;0;0;0;0;1;1;0;0;0;0;0;0;0;0;0;0;0;0;0;0;0;1;0;0;0
OTU_549;0;0;0;0;0;0;0;0;0;0;0;0;0;0;0;0;0;0;0;0;0;0;0;0;0;0;0;0;5;0;0;0;0;0;0;0;0;0;0;0;0;0;0;0;0;0;0;0;0
OTU_550;0;0;0;0;0;0;0;0;0;0;0;0;0;0;0;0;0;0;0;0;0;0;0;0;0;0;0;0;0;0;0;0;0;0;0;0;0;0;0;0;0;0;0;0;0;0;21;0;0
OTU_551;66;39;3;50;0;2;6;0;0;0;1;0;31;45;39;0;17;11;0;0;0;0;0;0;42;14;22;1;71;0;0;0;39;45;0;1;5;6;0;37;40;3;1;0;9;4;0;0;0
OTU_552;0;0;2;0;0;0;1;0;3;1;1;8;1;2;0;0;0;0;1;0;42;22;0;0;0;0;0;0;2;0;0;0;0;0;0;0;0;5;1;0;0;0;0;0;0;0;5;0;15
OTU_553;6;6;13;39;19;0;0;33;0;13;0;0;37;23;9;0;104;2;1;0;1;0;1;1;394;46;113;129;14;0;2;112;296;2;0;5;88;732;3;255;487;4;0;0;529;351;3;1;1
OTU_554;0;0;0;0;0;0;0;0;0;0;0;0;0;0;0;0;0;0;0;0;0;0;0;0;0;0;0;0;28;0;0;0;0;0;0;0;0;0;0;0;0;0;0;0;0;0;0;0;0
OTU_555;0;0;0;0;0;0;0;0;0;0;0;0;0;0;0;0;0;0;0;5;0;0;0;0;0;0;0;0;0;0;0;0;0;0;0;0;0;0;0;0;0;0;0;0;0;0;0;0;0
OTU_556;34;14;20;56;10;4;156;23;55;164;69;13;244;14;51;0;0;0;19;0;198;154;0;0;30;2;0;0;22;11;0;19;0;0;0;3;21;9;0;37;0;0;0;0;16;9;90;70;88
OTU_557;0;0;0;0;0;0;0;0;0;0;0;0;0;0;0;0;0;0;0;0;0;0;0;0;0;0;0;0;3;0;0;0;0;0;0;0;1;0;0;1;0;0;0;0;0;0;0;0;0
OTU_558;0;0;0;0;0;0;0;0;0;0;0;0;0;0;0;0;0;0;4;45;0;0;0;0;0;0;0;0;0;0;0;0;0;0;0;0;0;0;0;0;0;0;0;0;0;0;0;0;1
OTU_559;0;0;0;0;0;0;0;0;0;0;0;0;0;0;0;0;0;0;1;2;0;0;0;0;0;0;0;0;0;0;0;0;0;0;0;0;0;0;0;0;0;0;0;0;0;0;0;0;0
OTU_560;0;0;0;0;0;0;0;0;0;0;0;0;0;0;0;0;0;0;0;0;0;0;0;0;0;0;0;0;4;0;0;0;0;0;0;0;0;0;0;0;0;0;0;0;0;0;0;0;0
OTU_561;0;0;0;0;0;0;0;1;1;0;0;0;0;0;0;0;0;0;0;0;0;0;3;0;107;0;0;0;0;0;1;11;48;0;0;0;14;63;2;73;91;0;0;0;308;229;0;0;0
OTU_562;0;0;0;0;0;0;0;0;0;0;0;0;0;0;0;0;0;0;0;0;0;0;0;0;0;0;0;0;0;0;0;0;0;0;0;0;0;0;0;0;0;0;0;0;0;0;0;0;10
OTU_563;0;0;0;0;0;0;0;0;0;0;0;0;0;0;0;0;0;0;0;0;0;0;0;0;0;0;0;0;4;0;0;0;0;0;0;0;0;0;0;0;0;0;0;0;0;0;0;0;0
OTU_564;0;0;1;0;0;0;1;3;1;3;1;3;5;1;2;0;0;0;2;2;6;10;0;0;0;0;0;0;2;11;0;2;0;0;0;0;4;1;0;0;0;0;0;0;8;13;8;1;2
OTU_565;0;0;0;0;0;0;0;0;0;0;0;0;0;0;0;0;0;0;0;0;0;0;0;0;0;0;0;0;0;0;0;0;0;0;0;0;0;0;0;0;0;0;0;0;0;0;0;0;199
OTU_566;0;0;0;0;0;0;0;0;0;0;0;0;1;0;0;0;0;0;0;0;0;0;0;0;0;0;0;0;0;0;0;0;0;0;0;0;0;0;0;0;0;0;0;0;1;0;11;0;2
OTU_567;0;0;0;0;0;0;0;0;0;0;0;0;0;0;0;0;0;0;0;0;0;0;0;0;0;0;0;0;3;0;0;0;0;0;0;0;0;0;0;0;0;0;0;0;0;0;0;0;0
OTU_568;0;0;0;0;0;0;0;0;0;0;0;0;0;0;0;0;0;0;0;36;0;0;0;0;0;0;0;0;0;0;0;0;0;0;0;0;0;0;0;0;0;0;0;0;0;0;0;0;0
OTU_569;0;0;0;0;0;0;0;0;0;0;0;0;0;0;0;0;0;0;4;0;1;0;0;0;0;0;0;0;0;0;0;0;0;0;0;0;0;0;0;0;0;0;0;0;0;0;12;0;0
OTU_570;0;0;0;0;0;0;0;0;0;0;0;0;0;0;0;0;0;0;0;1;367;0;48;62;7;10;0;0;0;0;83;24;11;24;89;8;0;0;95;11;15;5;23;107;0;0;0;0;51
OTU_571;0;0;0;0;0;0;0;0;0;0;0;0;0;0;0;0;0;0;0;0;0;0;0;0;0;0;0;0;5;0;0;0;0;0;0;0;0;0;0;0;0;0;0;0;0;0;0;0;0
OTU_572;0;0;0;0;0;0;0;0;0;0;0;0;0;0;0;0;0;0;0;0;4;0;0;0;0;0;0;0;0;0;0;0;0;0;0;0;0;0;0;0;0;0;0;0;0;0;0;0;0
OTU_573;0;0;11;0;0;19;0;0;16;0;0;0;0;0;16;0;0;0;0;0;0;0;0;0;0;0;0;0;0;0;0;0;0;0;0;0;0;0;0;0;0;0;0;0;0;0;56;0;0
OTU_574;0;0;0;0;0;0;0;0;0;0;0;51;0;0;0;0;0;0;130;0;29;95;0;0;0;0;0;0;0;6;0;0;0;0;0;0;0;0;0;0;0;0;0;0;0;0;0;152;8
OTU_575;0;0;6;0;0;0;4;5;5;2;5;25;1;5;7;0;0;0;3;0;2;70;0;0;0;0;0;0;6;4;0;0;0;0;0;0;22;11;0;0;0;0;0;0;26;31;17;76;10
OTU_576;0;0;0;0;0;0;0;0;0;0;0;0;0;0;0;0;0;0;0;0;0;3;0;0;0;0;0;0;0;0;0;0;0;0;0;0;0;0;0;0;0;0;0;0;0;0;1;18;1
OTU_577;4;1;0;0;0;0;0;0;0;0;0;0;2;2;0;0;0;0;0;3;0;1;0;0;0;0;0;0;0;0;0;0;0;0;0;0;0;0;0;0;0;0;0;0;0;0;3;49;0
OTU_578;0;0;0;0;0;0;0;0;0;0;0;0;0;0;0;0;0;0;0;0;0;0;0;0;0;0;0;0;0;0;0;0;0;0;0;0;0;0;0;0;0;0;0;0;0;0;0;14;0
OTU_579;0;0;5;2;0;0;8;5;10;4;16;3;2;8;2;0;0;0;15;0;2;8;0;0;0;0;0;0;9;12;0;8;1;0;0;0;3;7;0;0;1;0;0;0;2;0;1;46;1
OTU_580;0;4;5;3;4;4;5;5;7;9;7;4;91;12;9;1;0;0;74;0;16;11;0;0;0;0;0;2;17;3;0;1;0;0;0;0;7;21;0;1;0;1;0;3;14;21;69;47;30
OTU_581;0;0;0;0;0;0;0;0;0;0;0;0;0;0;0;34;0;0;270;0;0;122;0;0;0;0;0;0;0;7;0;0;0;0;0;0;0;0;0;0;0;0;0;0;0;0;0;83;0
OTU_582;0;0;0;0;0;0;0;0;0;0;0;0;0;0;0;0;0;0;0;0;6;138;0;0;0;0;0;0;0;0;0;0;0;0;0;0;0;0;0;0;0;0;0;0;0;0;0;327;6
OTU_583;0;0;0;2;0;0;6;0;3;2;1;0;9;8;3;0;0;0;1;0;8;14;1;0;0;0;0;0;0;1;0;0;0;0;0;0;4;3;0;0;0;0;0;0;4;0;1;110;15
OTU_584;0;0;0;0;0;0;0;0;0;0;0;0;0;0;0;0;0;0;0;0;0;0;0;0;0;0;0;0;0;0;0;0;0;0;0;0;0;0;0;0;0;0;0;0;0;0;0;6;0
OTU_585;0;0;0;0;0;0;0;0;0;0;0;0;0;0;0;0;0;0;3;0;13;2;0;0;0;0;0;0;0;0;0;0;0;0;0;0;0;0;0;0;0;0;0;0;0;0;6;14;10
OTU_586;0;0;0;0;0;0;0;0;0;0;0;0;0;0;0;0;0;0;0;0;0;0;0;0;0;0;0;0;0;0;0;0;0;0;0;0;0;0;0;0;0;0;0;0;0;0;0;4;0
OTU_587;0;0;0;0;0;0;0;0;0;0;0;0;0;0;0;0;0;0;0;0;0;39;0;0;0;0;0;0;0;0;0;0;0;0;0;0;0;0;0;0;0;0;0;0;0;0;7;85;2
OTU_588;1;0;0;0;2;0;0;0;0;3;0;5;0;0;0;0;0;0;2;0;1;12;0;0;0;0;0;0;0;0;0;0;0;0;0;0;0;0;0;0;0;0;0;0;0;0;5;30;5
